gold,us_2_year_bond,us_3_month_bond,us_5_year_bond,us_10_year_bond
1295.1,2.463,2.452,2.43,2.63
1302.9,2.442,2.452,2.397,2.591
1302.9,2.442,2.452,2.397,2.591
1302.9,2.442,2.452,2.397,2.591
1301.5,2.454,2.446,2.415,2.605
1306.5,2.475,2.47,2.429,2.618
1301.7,2.398,2.473,2.326,2.524
1307.3,2.41,2.473,2.341,2.539
1312.3,2.319,2.462,2.24,2.437
1312.3,2.319,2.462,2.24,2.437
1312.3,2.319,2.462,2.24,2.437
1322.6,2.25,2.454,2.187,2.405
1315.0,2.27,2.47,2.208,2.425
1310.4,2.21,2.442,2.17,2.381
1292.5,2.232,2.437,2.21,2.391
1295.6,2.266,2.4,2.236,2.407
1295.6,2.266,2.4,2.236,2.407
1295.6,2.266,2.4,2.236,2.407
1291.2,2.337,2.392,2.325,2.503
1292.5,2.302,2.434,2.283,2.472
1292.3,2.341,2.437,2.33,2.528
1291.4,2.339,2.434,2.319,2.513
1292.6,2.343,2.434,2.309,2.499
1292.6,2.343,2.434,2.309,2.499
1292.6,2.343,2.434,2.309,2.499
1298.8,2.36,2.429,2.326,2.52
1305.1,2.35,2.429,2.307,2.502
1310.3,2.321,2.427,2.27,2.465
1290.5,2.358,2.429,2.314,2.499
1292.2,2.393,2.441,2.377,2.562
1292.2,2.393,2.441,2.377,2.562
1292.2,2.393,2.441,2.377,2.562
1288.5,2.394,2.423,2.372,2.556
1274.2,2.414,2.442,2.406,2.592
1273.8,2.404,2.439,2.404,2.594
1273.1,2.38,2.429,2.369,2.56
1273.1,2.38,2.429,2.369,2.56
1273.1,2.38,2.429,2.369,2.56
1273.1,2.38,2.429,2.369,2.56
1274.7,2.387,2.441,2.385,2.587
1270.6,2.364,2.45,2.361,2.569
1276.6,2.32,2.434,2.312,2.518
1276.4,2.332,2.429,2.33,2.534
1285.5,2.286,2.423,2.29,2.5
1285.5,2.286,2.423,2.29,2.5
1285.5,2.286,2.423,2.29,2.5
1281.5,2.294,2.423,2.312,2.527
1285.7,2.266,2.432,2.278,2.504
1284.2,2.308,2.427,2.303,2.502
1272.0,2.347,2.437,2.347,2.545
1281.3,2.335,2.431,2.327,2.53
1281.3,2.335,2.431,2.327,2.53
1281.3,2.335,2.431,2.327,2.53
1283.8,2.309,2.426,2.293,2.5
1285.6,2.282,2.432,2.253,2.448
1281.4,2.301,2.434,2.288,2.485
1285.2,2.266,2.434,2.253,2.453
1287.4,2.272,2.429,2.268,2.473
1287.4,2.272,2.429,2.268,2.473
1287.4,2.272,2.429,2.268,2.473
1301.8,2.191,2.413,2.185,2.403
1296.3,2.198,2.416,2.191,2.414
1297.8,2.164,2.409,2.151,2.377
1286.2,2.194,2.401,2.171,2.394
1275.7,2.2,2.393,2.176,2.393
1275.7,2.2,2.393,2.176,2.393
1275.7,2.2,2.393,2.176,2.393
1277.3,2.223,2.382,2.206,2.419
1273.2,2.258,2.393,2.228,2.428
1274.2,2.227,2.378,2.179,2.38
1285.4,2.15,2.365,2.118,2.322
1283.6,2.168,2.354,2.122,2.324
1283.6,2.168,2.354,2.122,2.324
1283.6,2.168,2.354,2.122,2.324
1277.1,2.172,2.352,2.117,2.31
1277.1,2.129,2.356,2.07,2.267
1281.0,2.109,2.36,2.071,2.262
1289.9,2.067,2.372,2.025,2.217
1308.0,1.924,2.354,1.916,2.133
1308.0,1.924,2.354,1.916,2.133
1308.0,1.924,2.354,1.916,2.133
1324.9,1.84,2.341,1.84,2.075
1325.7,1.8789998,2.357,1.8860002,2.121
1330.6,1.853,2.342,1.871,2.131
1339.8,1.8789998,2.313,1.8829999,2.121
1343.3,1.8510001,2.274,1.8510001,2.084
1343.3,1.8510001,2.274,1.8510001,2.084
1343.3,1.8510001,2.274,1.8510001,2.084
1326.3,1.908,2.279,1.9170002,2.15
1328.3,1.93,2.272,1.916,2.145
1333.9,1.8829999,2.221,1.8739998,2.122
1340.8,1.8339999,2.198,1.8339999,2.093
1341.7,1.8450001,2.182,1.836,2.084
1341.7,1.8450001,2.182,1.836,2.084
1341.7,1.8450001,2.182,1.836,2.084
1340.0,1.871,2.195,1.8519999,2.091
1347.8,1.8640001,2.226,1.8310001,2.058
1345.8,1.741,2.182,1.765,2.029
1394.1,1.775,2.136,1.7760001,2.023
1397.3,1.772,2.11,1.797,2.059
1397.3,1.772,2.11,1.797,2.059
1397.3,1.772,2.11,1.797,2.059
1415.2,1.734,2.112,1.7470001,2.018
1415.8,1.736,2.139,1.729,1.988
1411.5,1.775,2.149,1.7980001,2.05
1412.0,1.747,2.144,1.7700001,2.014
1413.7,1.757,2.1,1.768,2.007
1413.7,1.757,2.1,1.768,2.007
1413.7,1.757,2.1,1.768,2.007
1389.3,1.7909999,2.125,1.796,2.033
1408.0,1.7629999,2.205,1.743,1.9760001
1420.9,1.7639999,2.208,1.737,1.9530001
1400.1,1.762,2.208,1.7300001,1.9480001
1400.1,1.867,2.218,1.837,2.039
1400.1,1.867,2.218,1.837,2.039
1400.1,1.867,2.218,1.837,2.039
1400.0,1.888,2.241,1.8540001,2.048
1400.5,1.919,2.254,1.8890002,2.072
1412.5,1.828,2.19,1.8279998,2.061
1406.7,1.869,2.157,1.899,2.143
1412.2,1.8450001,2.151,1.871,2.124
1412.2,1.8450001,2.151,1.871,2.124
1412.2,1.8450001,2.151,1.871,2.124
1413.5,1.8349999,2.143,1.8459998,2.09
1411.2,1.8539999,2.159,1.871,2.106
1423.3,1.811,2.128,1.811,2.043
1428.1,1.756,2.069,1.766,2.026
1426.7,1.8240001,2.066,1.816,2.057
1426.7,1.8240001,2.066,1.816,2.057
1426.7,1.8240001,2.066,1.816,2.057
1426.9,1.8160001,2.082,1.805,2.05
1421.7,1.8370001,2.092,1.8279998,2.078
1423.6,1.822,2.095,1.815,2.05
1414.7,1.868,2.11,1.862,2.083
1419.3,1.86,2.118,1.8540001,2.074
1419.3,1.86,2.118,1.8540001,2.074
1419.3,1.86,2.118,1.8540001,2.074
1420.4,1.856,2.105,1.844,2.063
1433.4,1.8479999,2.095,1.842,2.06
1429.1,1.868,2.085,1.822,2.007
1424.2,1.7499999,2.085,1.6929998,1.9020001
1448.7,1.71,2.064,1.661,1.843
1448.7,1.71,2.064,1.661,1.843
1448.7,1.71,2.064,1.661,1.843
1467.7,1.579,2.015,1.528,1.718
1475.2,1.597,2.049,1.526,1.716
1509.6,1.6029999,2.021,1.5419999,1.721
1499.7,1.6169999,2.023,1.5440001,1.719
1498.6,1.6490002,2.002,1.579,1.7450001
1498.6,1.6490002,2.002,1.579,1.7450001
1498.6,1.6490002,2.002,1.579,1.7450001
1507.7,1.5780001,1.984,1.4860001,1.64
1504.3,1.671,2.008,1.5859998,1.702
1518.5,1.5809999,1.9590001,1.494,1.583
1521.7,1.4730002,1.902,1.396,1.502
1514.1,1.4870001,1.8710002,1.423,1.562
1514.1,1.4870001,1.8710002,1.423,1.562
1514.1,1.4870001,1.8710002,1.423,1.562
1502.1,1.5529999,1.9069998,1.48,1.608
1506.3,1.51,1.951,1.4279999,1.552
1506.1,1.5749999,1.974,1.474,1.5909998
1498.7,1.6120001,1.9920001,1.498,1.6129999
1527.9,1.531,1.9640001,1.4140002,1.5329999
1527.9,1.531,1.9640001,1.4140002,1.5329999
1527.9,1.531,1.9640001,1.4140002,1.5329999
1527.2,1.5430001,1.9869999,1.419,1.5379999
1541.4,1.524,1.995,1.3810002,1.474
1538.8,1.5,1.9920001,1.3740001,1.4679999
1530.5,1.5259999,1.9920001,1.396,1.4960002
1523.0,1.51,1.9869999,1.391,1.4989998
1523.0,1.51,1.9869999,1.391,1.4989998
1523.0,1.51,1.9869999,1.391,1.4989998
1555.9,1.5080001,1.989,1.39,1.506
1549.6,1.454,1.9640001,1.3340001,1.462
1554.0,1.436,1.967,1.3209999,1.4710001
1519.0,1.534,1.972,1.4339999,1.5649999
1509.0,1.54,1.9640001,1.4310001,1.56
1509.0,1.54,1.9640001,1.4310001,1.56
1509.0,1.54,1.9640001,1.4310001,1.56
1504.5,1.595,1.9640001,1.5,1.647
1492.7,1.688,1.962,1.6029999,1.744
1496.6,1.6760001,1.962,1.5979999,1.7450001
1500.8,1.7250001,1.956,1.6400001,1.778
1492.9,1.804,1.961,1.757,1.901
1492.9,1.804,1.961,1.757,1.901
1492.9,1.804,1.961,1.757,1.901
1504.8,1.757,1.9989998,1.6970001,1.843
1506.9,1.7310001,2.0,1.664,1.8100001
1509.1,1.7639999,1.941,1.678,1.8
1499.5,1.744,1.9380001,1.663,1.7870001
1508.0,1.6869999,1.91,1.6000001,1.7220001
1508.0,1.6869999,1.91,1.6000001,1.7220001
1508.0,1.6869999,1.91,1.6000001,1.7220001
1524.0,1.6830001,1.9050001,1.6000001,1.723
1532.6,1.6280001,1.931,1.529,1.652
1505.1,1.681,1.8949999,1.609,1.737
1507.9,1.66,1.828,1.585,1.697
1502.7,1.6379999,1.797,1.565,1.6870002
1502.7,1.6379999,1.797,1.565,1.6870002
1502.7,1.6379999,1.797,1.565,1.6870002
1469.2,1.626,1.825,1.5459999,1.668
1485.2,1.542,1.826,1.4889998,1.635
1504.1,1.484,1.8080001,1.435,1.601
1510.1,1.3919998,1.718,1.3489999,1.534
1509.2,1.4059999,1.7099999,1.3489999,1.529
1509.2,1.4059999,1.7099999,1.3489999,1.529
1509.2,1.4059999,1.7099999,1.3489999,1.529
1500.7,1.468,1.723,1.3970001,1.5649999
1500.1,1.428,1.7,1.3570001,1.532
1508.9,1.4699999,1.705,1.4090002,1.587
1497.0,1.5459999,1.6870002,1.4880002,1.67
1484.7,1.597,1.6820002,1.556,1.7339998
1484.7,1.597,1.6820002,1.556,1.7339998
1484.7,1.597,1.6820002,1.556,1.7339998
1493.8,1.595,1.6870002,1.5459999,1.7149999
1479.7,1.624,1.671,1.599,1.771
1490.2,1.59,1.669,1.5670002,1.7450001
1494.2,1.598,1.669,1.574,1.7499999
1490.0,1.5780001,1.671,1.5660001,1.754
1490.0,1.5780001,1.671,1.5660001,1.754
1490.0,1.5780001,1.671,1.5660001,1.754
1484.2,1.625,1.669,1.6120001,1.8029999
1483.6,1.6009998,1.659,1.5909998,1.7680001
1491.8,1.588,1.659,1.5940001,1.7680001
1501.0,1.5819999,1.674,1.588,1.771
1501.7,1.624,1.674,1.6259999,1.799
1501.7,1.624,1.674,1.6259999,1.799
1501.7,1.624,1.674,1.6259999,1.799
1492.4,1.6480001,1.648,1.6649998,1.845
1487.4,1.6410002,1.6440002,1.659,1.8370001
1496.7,1.6019999,1.6440002,1.608,1.7750001
1514.8,1.5259999,1.546,1.5179999,1.6879998
1511.4,1.5539999,1.533,1.5440001,1.714
1511.4,1.5539999,1.533,1.5440001,1.714
1511.4,1.5539999,1.533,1.5440001,1.714
1511.1,1.588,1.5480001,1.5979999,1.781
1483.7,1.622,1.5589999,1.661,1.857
1493.1,1.6130002,1.556,1.631,1.8300002
1466.4,1.6789999,1.5589999,1.7420001,1.929
1462.9,1.68,1.554,1.7509999,1.9450002
1462.9,1.68,1.554,1.7509999,1.9450002
1462.9,1.68,1.554,1.7509999,1.9450002
1457.1,1.6760001,1.556,1.739,1.9229999
1453.7,1.662,1.5739999,1.734,1.928
1463.3,1.646,1.572,1.6979998,1.891
1473.4,1.5910001,1.5739999,1.628,1.822
1468.5,1.614,1.5689999,1.653,1.836
1468.5,1.614,1.5689999,1.653,1.836
1468.5,1.614,1.5689999,1.653,1.836
1471.9,1.6000001,1.5739999,1.6369998,1.815
1474.3,1.6000001,1.567,1.625,1.786
1474.2,1.5819999,1.572,1.5940001,1.747
1463.6,1.6089998,1.577,1.6189998,1.776
1463.6,1.626,1.589,1.624,1.771
1463.6,1.626,1.589,1.624,1.771
1463.6,1.626,1.589,1.624,1.771
1456.9,1.611,1.589,1.607,1.7520001
1460.3,1.59,1.605,1.596,1.741
1457.9,1.626,1.608,1.628,1.767
1472.7,1.6280001,1.608,1.636,1.778
1470.0,1.6120001,1.587,1.624,1.774
1470.0,1.6120001,1.587,1.624,1.774
1470.0,1.6120001,1.587,1.624,1.774
1466.4,1.604,1.5789999,1.644,1.822
1481.6,1.542,1.5789999,1.5440001,1.7170001
1477.5,1.5780001,1.5589999,1.6029999,1.778
1480.3,1.5920001,1.546,1.631,1.809
1462.5,1.6190001,1.523,1.6680001,1.843
1462.5,1.6190001,1.523,1.6680001,1.843
1462.5,1.6190001,1.523,1.6680001,1.843
1462.8,1.6190001,1.556,1.658,1.8210001
1465.9,1.654,1.567,1.686,1.8419999
1472.7,1.615,1.572,1.638,1.793
1469.8,1.664,1.572,1.731,1.896
1478.6,1.608,1.5639999,1.656,1.824
1478.6,1.608,1.5639999,1.656,1.824
1478.6,1.608,1.5639999,1.656,1.824
1477.9,1.6299999,1.566,1.703,1.873
1477.0,1.625,1.572,1.7020001,1.875
1474.7,1.635,1.5589999,1.737,1.9220002
1480.2,1.6309999,1.5739999,1.735,1.9220002
1477.0,1.632,1.5789999,1.734,1.919
1477.0,1.632,1.5789999,1.734,1.919
1477.0,1.632,1.5789999,1.734,1.919
1484.3,1.65,1.5739999,1.7449999,1.928
1500.6,1.6289998,1.5789999,1.712,1.903
1500.6,1.6309999,1.582,1.735,1.9069998
1510.7,1.635,1.577,1.7190001,1.894
1514.3,1.587,1.5639999,1.678,1.8769999
1514.3,1.587,1.5639999,1.678,1.8769999
1514.3,1.587,1.5639999,1.678,1.8769999
1518.6,1.5710001,1.5409999,1.6759999,1.886
1523.1,1.5710001,1.556,1.6929998,1.919
1523.1,1.5710001,1.556,1.6929998,1.921
1528.1,1.5710001,1.533,1.6659999,1.8769999
1552.4,1.5329999,1.5200001,1.5940001,1.793
1552.4,1.5329999,1.5200001,1.5940001,1.793
1552.4,1.5329999,1.5200001,1.5940001,1.793
1568.8,1.5469999,1.5380001,1.607,1.809
1574.3,1.538,1.551,1.604,1.811
1560.2,1.5850002,1.544,1.664,1.874
1554.3,1.5809999,1.5409999,1.6510001,1.855
1560.1,1.57,1.5380001,1.633,1.82
1560.1,1.57,1.5380001,1.633,1.82
1560.1,1.57,1.5380001,1.633,1.82
1550.6,1.588,1.5639999,1.6510001,1.848
1544.6,1.57,1.572,1.6180001,1.813
1554.0,1.5599998,1.5689999,1.602,1.786
1550.5,1.566,1.5589999,1.625,1.809
1560.3,1.5650002,1.561,1.6230001,1.825
1560.3,1.5650002,1.561,1.6230001,1.825
1560.3,1.5650002,1.561,1.6230001,1.825
1557.9,1.5609999,1.5589999,1.6199999,1.823
1557.9,1.5329999,1.556,1.5749999,1.774
1556.7,1.528,1.554,1.5749999,1.769
1565.4,1.514,1.556,1.5440001,1.731
1571.9,1.495,1.5309999,1.5090001,1.686
1571.9,1.495,1.5309999,1.5090001,1.686
1571.9,1.495,1.5309999,1.5090001,1.686
1577.4,1.447,1.546,1.4449999,1.6129999
1569.8,1.4689999,1.572,1.4839998,1.661
1570.4,1.4129999,1.562,1.404,1.5809999
1586.5,1.415,1.5689999,1.4090002,1.5909998
1584.9,1.3190001,1.554,1.315,1.5050001
1584.9,1.3190001,1.554,1.315,1.5050001
1584.9,1.3190001,1.554,1.315,1.5050001
1579.5,1.3569999,1.5789999,1.3489999,1.5259999
1552.7,1.415,1.5739999,1.422,1.603
1560.1,1.443,1.562,1.4629999,1.649
1567.2,1.4489999,1.5739999,1.4629999,1.644
1570.6,1.401,1.5639999,1.404,1.582
1570.6,1.401,1.5639999,1.404,1.582
1570.6,1.401,1.5639999,1.404,1.582
1576.6,1.3849999,1.566,1.3800001,1.5630001
1567.2,1.426,1.5789999,1.422,1.6020001
1568.8,1.446,1.577,1.4540001,1.6369998
1576.3,1.446,1.587,1.4420002,1.6190001
1583.8,1.4300001,1.577,1.418,1.5880002
1583.8,1.4300001,1.577,1.418,1.5880002
1583.8,1.4300001,1.577,1.418,1.5880002
1603.6,1.426,1.577,1.4090002,1.578
1601.0,1.4139999,1.577,1.396,1.559
1608.8,1.426,1.5789999,1.4090002,1.5680001
1617.4,1.391,1.5789999,1.3630002,1.5189999
1645.1,1.3540001,1.5589999,1.322,1.473
1645.1,1.3540001,1.5589999,1.322,1.473
1645.1,1.3540001,1.5589999,1.322,1.473
1673.5,1.25,1.5480001,1.206,1.37
1647.0001,1.229,1.5309999,1.185,1.3550001
1640.3999,1.165,1.518,1.157,1.335
1642.5,1.071,1.454,1.08,1.2739999
1566.7,0.93099993,1.285,0.952,1.163
1566.7,0.93099993,1.285,0.952,1.163
1566.7,0.93099993,1.285,0.952,1.163
1594.8,0.8949999,1.169,0.93099993,1.1519998
1644.3999,0.70100003,0.95300007,0.74300003,0.99900013
1643.0001,0.69100004,0.70600003,0.7860001,1.0549998
1668.0,0.6009999,0.62500006,0.68299997,0.9170002
1672.3999,0.50999993,0.47499996,0.613,0.773
1672.3999,0.50999993,0.47499996,0.613,0.773
1672.3999,0.50999993,0.47499996,0.613,0.773
1675.7,0.4080001,0.38299996,0.50099987,0.5589999
1660.2999,0.54599994,0.4259999,0.67,0.8000001
1642.3,0.52100015,0.43400005,0.70200014,0.877
1590.3,0.4710001,0.3269999,0.613,0.81200004
1516.7,0.508,0.27600002,0.73099995,0.9829999
1516.7,0.508,0.27600002,0.73099995,0.9829999
1516.7,0.508,0.27600002,0.73099995,0.9829999
1486.5,0.37399995,0.22299992,0.5059998,0.7400002
1525.8,0.49800003,0.20799999,0.737,1.0690001
1477.9,0.54,0.01999991,0.794,1.1830001
1479.3,0.45900002,0.06300006,0.70999986,1.158
1484.6,0.32499996,0.037999984,0.48100007,0.8850001
1484.6,0.32499996,0.037999984,0.48100007,0.8850001
1484.6,0.32499996,0.037999984,0.48100007,0.8850001
1567.6,0.32000008,0.030000057,0.40599993,0.76299995
1660.8,0.382,0.028000027,0.5299999,0.85800004
1633.4,0.34,-0.0460001,0.5220002,0.8689999
1651.2001,0.29900008,-0.034999844,0.5270001,0.848
1625.0,0.24799995,0.014999933,0.39999992,0.676
1625.0,0.24799995,0.014999933,0.39999992,0.676
1625.0,0.24799995,0.014999933,0.39999992,0.676
1637.1,0.22999993,0.052999914,0.41599983,0.7259999
1589.3,0.25300005,0.13200001,0.37400007,0.66799986
1584.1,0.24300009,0.073999934,0.37199992,0.6020002
1630.7,0.22800002,0.09600007,0.38399997,0.61100006
1637.6,0.22699995,0.10600002,0.38600013,0.5990001
1637.6,0.22699995,0.10600002,0.38600013,0.5990001
1637.6,0.22699995,0.10600002,0.38600013,0.5990001
1684.0,0.26800013,0.103999995,0.44800013,0.6779999
1672.5999,0.26800013,0.1500001,0.46799994,0.7259999
1674.0999,0.256,0.19800003,0.47100016,0.7710001
1739.9,0.23099999,0.23600002,0.4109999,0.729
1739.9,0.23099999,0.23600002,0.4109999,0.729
1739.9,0.23099999,0.23600002,0.4109999,0.729
1739.9,0.23099999,0.23600002,0.4109999,0.729
1749.7999,0.24900001,0.23100004,0.45500022,0.7699999
1759.1001,0.22100002,0.20799999,0.42199987,0.7499998
1729.6,0.20100008,0.1569999,0.339,0.63500005
1722.7,0.21100006,0.14699996,0.35200015,0.61699986
1690.8002,0.20199993,0.1239999,0.35800016,0.642
1690.8002,0.20199993,0.1239999,0.35800016,0.642
1690.8002,0.20199993,0.1239999,0.35800016,0.642
1703.4,0.20599996,0.10100004,0.34999996,0.6160001
1678.3,0.20100008,0.10899997,0.33099982,0.56599987
1727.4,0.21500008,0.103999995,0.3640002,0.61800003
1733.4,0.22100002,0.10899997,0.36999977,0.603
1724.2,0.22200009,0.12200006,0.37500018,0.6049999
1724.2,0.22200009,0.12200006,0.37500018,0.6049999
1724.2,0.22200009,0.12200006,0.37500018,0.6049999
1712.5999,0.22399999,0.11399995,0.40499985,0.66400003
1710.6,0.21500008,0.10600002,0.37699988,0.6160001
1713.4,0.2049999,0.10100004,0.36699998,0.6280001
1694.1998,0.20100008,0.10600002,0.3659999,0.64599985
1700.9,0.1979999,0.10899997,0.35300022,0.61800003
1700.9,0.1979999,0.10899997,0.35300022,0.61800003
1700.9,0.1979999,0.10899997,0.35300022,0.61800003
1713.3,0.18400012,0.103999995,0.36099994,0.63100016
1710.6,0.19000006,0.12200006,0.37500018,0.6620001
1688.4999,0.18000008,0.11899992,0.373,0.7089999
1725.7999,0.13899992,0.10600002,0.305,0.6389999
1713.8999,0.161,0.11700009,0.33400005,0.6849999
1713.8999,0.161,0.11700009,0.33400005,0.6849999
1713.8999,0.161,0.11700009,0.33400005,0.6849999
1697.9999,0.17700012,0.11899992,0.34999996,0.70699996
1706.8002,0.16699992,0.13400005,0.32599986,0.6670001
1716.3999,0.16500002,0.12200006,0.3190002,0.654
1740.9,0.14900012,0.12200006,0.30000004,0.61699986
1756.2999,0.1509998,0.1239999,0.31100002,0.64399993
1756.2999,0.1509998,0.1239999,0.31100002,0.64399993
1756.2999,0.1509998,0.1239999,0.31100002,0.64399993
1734.4,0.18099993,0.12200006,0.37199992,0.7259999
1745.6,0.16699992,0.12900007,0.33500013,0.69199985
1752.1,0.16900006,0.1239999,0.34500003,0.68999994
1721.8999,0.16699992,0.12200006,0.34500003,0.6799999
1735.5,0.17000012,0.12200006,0.33299997,0.65700006
1735.5,0.17000012,0.12200006,0.33299997,0.65700006
1735.5,0.17000012,0.12200006,0.33299997,0.65700006
1705.6,0.17200002,0.12200006,0.33699983,0.659
1705.6,0.17399992,0.12900007,0.3460001,0.69499993
1710.7,0.18400012,0.14199997,0.35300022,0.69499993
1719.8,0.17399992,0.1500001,0.3400001,0.6969999
1742.9001,0.16399996,0.14199997,0.30399993,0.6529998
1742.9001,0.16399996,0.14199997,0.30399993,0.6529998
1742.9001,0.16399996,0.14199997,0.30399993,0.6529998
1743.3,0.15999992,0.13900003,0.30999994,0.6670001
1728.9,0.16600008,0.15199994,0.32099992,0.68699986
1701.0,0.19199996,0.15500006,0.3640002,0.746
1721.7999,0.1979999,0.15199994,0.40800008,0.8250002
1678.5,0.21,0.1569999,0.46299997,0.89300025
1678.5,0.21,0.1569999,0.46299997,0.89300025
1678.5,0.21,0.1569999,0.46299997,0.89300025
1699.9,0.22999993,0.16500002,0.44999984,0.87800014
1717.0,0.20400006,0.17200004,0.3980002,0.82400006
1715.5,0.17300008,0.17200004,0.32400015,0.73599994
1734.7,0.20100008,0.16500002,0.31999984,0.66599995
1732.0,0.19499993,0.16500002,0.33299997,0.71000004
1732.0,0.19499993,0.16500002,0.33299997,0.71000004
1732.0,0.19499993,0.16500002,0.33299997,0.71000004
1721.7999,0.19300002,0.16700006,0.34200025,0.7200001
1731.5,0.19700006,0.17200004,0.33599976,0.74099994
1730.3,0.19499993,0.17799993,0.34200025,0.7329998
1725.9999,0.19499993,0.1569999,0.33299997,0.70699996
1747.1001,0.19000006,0.15500006,0.32499978,0.6940002
1747.1001,0.19000006,0.15500006,0.32499978,0.6940002
1747.1001,0.19000006,0.15500006,0.32499978,0.6940002
1758.4,0.196,0.15199994,0.339,0.71000004
1774.0999,0.19000006,0.15199994,0.3300002,0.71500003
1768.1,0.18799993,0.15199994,0.3190002,0.6790001
1763.1001,0.18799993,0.14199997,0.3300002,0.6819998
1773.3,0.168,0.14499992,0.30000004,0.64000005
1773.3,0.168,0.14499992,0.30000004,0.64000005
1773.3,0.168,0.14499992,0.30000004,0.64000005
1781.2,0.15199986,0.137,0.27499986,0.6269999
1800.5001,0.154,0.14699996,0.288,0.6579998
1779.9,0.16399996,0.14199997,0.3120001,0.676
1789.9999,0.15500006,0.14199997,0.29400003,0.669
1793.5,0.15500006,0.14199997,0.29400003,0.669
1793.5,0.15500006,0.14199997,0.29400003,0.669
1793.5,0.15500006,0.14199997,0.29400003,0.669
1793.5,0.15900008,0.14499992,0.30100012,0.6779999
1809.8999,0.161,0.14699996,0.28599983,0.64000005
1820.6001,0.16300012,0.14699996,0.30199975,0.66599995
1803.8,0.15299992,0.13400005,0.28300005,0.61300004
1801.8999,0.15700018,0.13200001,0.30399993,0.6430001
1801.8999,0.15700018,0.13200001,0.30399993,0.6430001
1801.8999,0.15700018,0.13200001,0.30399993,0.6430001
1814.0999,0.15500006,0.137,0.2869999,0.61800003
1813.4,0.15900008,0.14499992,0.29099977,0.625
1813.7999,0.15700018,0.137,0.288,0.6330001
1800.3002,0.147,0.11399995,0.277,0.61800003
1809.9999,0.14300019,0.11700009,0.27900016,0.6230001
1809.9999,0.14300019,0.11700009,0.27900016,0.6230001
1809.9999,0.14300019,0.11700009,0.27900016,0.6230001
1817.4,0.14900012,0.11700009,0.2799998,0.61300004
1843.9,0.14300019,0.1239999,0.26899984,0.6049999
1865.1,0.15299992,0.12200006,0.27499986,0.59999985
1889.9999,0.15299992,0.11700009,0.26899984,0.5770001
1897.5,0.14900012,0.10899997,0.27400023,0.58700013
1897.5,0.14900012,0.10899997,0.27400023,0.58700013
1897.5,0.14900012,0.10899997,0.27400023,0.58700013
1931.0,0.154,0.103999995,0.2869999,0.61499995
1944.6001,0.14300019,0.10899997,0.26600003,0.579
1953.4,0.13299999,0.10100004,0.25500005,0.5770001
1949.5,0.12100012,0.09600007,0.22999987,0.54499996
1968.0,0.1089998,0.094000034,0.20899999,0.533
1968.0,0.1089998,0.094000034,0.20899999,0.533
1968.0,0.1089998,0.094000034,0.20899999,0.533
1969.5,0.11300006,0.08900006,0.21999997,0.55399984
2004.2,0.1089998,0.099000014,0.19199999,0.51200014
2032.9,0.118999995,0.10100004,0.22300021,0.5490002
2054.6,0.116999865,0.099000014,0.21500002,0.53800005
2014.3,0.12900019,0.099000014,0.2289998,0.56599987
2014.3,0.12900019,0.099000014,0.2289998,0.56599987
2014.3,0.12900019,0.099000014,0.2289998,0.56599987
2027.2999,0.13099986,0.099000014,0.23699997,0.5809999
1935.6998,0.15299992,0.111999914,0.277,0.6430001
1937.5,0.161,0.10600002,0.29899997,0.6729999
1959.2999,0.16500002,0.099000014,0.31999984,0.71699995
1938.8,0.147,0.099000014,0.29600018,0.7089999
1938.8,0.147,0.099000014,0.29600018,0.7089999
1938.8,0.147,0.099000014,0.29600018,0.7089999
1987.1,0.15299992,0.094000034,0.29099977,0.69199985
2001.6,0.14499986,0.10600002,0.27900016,0.6700002
1960.5001,0.14499986,0.10100004,0.29000014,0.6849999
1935.3999,0.14300019,0.09600007,0.27200007,0.65200007
1936.0,0.147,0.09600007,0.2680002,0.6359998
1936.0,0.147,0.09600007,0.2680002,0.6359998
1936.0,0.147,0.09600007,0.2680002,0.6359998
1928.6001,0.15500006,0.094000034,0.28199998,0.654
1912.5001,0.15299992,0.10100004,0.29600018,0.68799996
1941.7,0.15199986,0.099000014,0.288,0.68799996
1922.3,0.15999992,0.10100004,0.31300017,0.75400007
1966.8,0.13299999,0.103999995,0.27200007,0.7239999
1966.8,0.13299999,0.103999995,0.27200007,0.7239999
1966.8,0.13299999,0.103999995,0.27200007,0.7239999
1970.5,0.13299999,0.10600002,0.26899984,0.7059998
1970.8,0.13299999,0.10600002,0.25500005,0.67200017
1936.9,0.13500012,0.10600002,0.25199983,0.64799976
1930.1998,0.12700006,0.10600002,0.24799995,0.6359998
1926.1998,0.147,0.111999914,0.30100012,0.72099984
1926.1998,0.147,0.111999914,0.30100012,0.72099984
1926.1998,0.147,0.111999914,0.30100012,0.72099984
1943.2,0.14100006,0.111999914,0.29299995,0.7200001
1935.1,0.14300019,0.11899992,0.26899984,0.6819998
1946.8,0.147,0.111999914,0.2780001,0.698
1956.0,0.13899992,0.11399995,0.26899984,0.6819998
1939.4999,0.12900019,0.111999914,0.2529999,0.669
1939.4999,0.12900019,0.111999914,0.2529999,0.669
1939.4999,0.12900019,0.111999914,0.2529999,0.669
1954.7,0.1369998,0.10899997,0.26399988,0.676
1957.9999,0.14100006,0.111999914,0.27200007,0.6799999
1961.9999,0.13899992,0.111999914,0.28300005,0.698
1941.3,0.13899992,0.094000034,0.27900016,0.6890001
1953.2,0.14100006,0.09100009,0.28300005,0.6969999
1953.2,0.14100006,0.09100009,0.28300005,0.6969999
1953.2,0.14100006,0.09100009,0.28300005,0.6969999
1902.0999,0.13899992,0.08599992,0.26899984,0.669
1899.3,0.1369998,0.099000014,0.26600003,0.671
1860.5001,0.14100006,0.099000014,0.27499986,0.6769998
1868.9,0.1369998,0.099000014,0.277,0.66799986
1857.7999,0.13099986,0.10100004,0.2670001,0.6559999
1857.7999,0.13099986,0.10100004,0.2670001,0.6559999
1857.7999,0.13099986,0.10100004,0.2670001,0.6559999
1872.8,0.12900019,0.094000034,0.26300025,0.6579998
1898.7,0.12700006,0.09600007,0.2529999,0.6509999
1891.3,0.13099986,0.09600007,0.2780001,0.68600005
1912.3002,0.12900019,0.09100009,0.27499986,0.6790001
1903.8,0.13299999,0.09100009,0.288,0.7039998
1903.8,0.13299999,0.09100009,0.288,0.7039998
1903.8,0.13299999,0.09100009,0.288,0.7039998
1916.1,0.14900012,0.09600007,0.3319999,0.77800006
1904.8,0.147,0.099000014,0.30999994,0.73399997
1886.8002,0.15299992,0.099000014,0.339,0.78399986
1891.0001,0.14900012,0.09600007,0.33400005,0.7789998
1921.8999,0.15700018,0.10100004,0.3400001,0.7789998
1921.8999,0.15700018,0.10100004,0.3400001,0.7789998
1921.8999,0.15700018,0.10100004,0.3400001,0.7789998
1924.3002,0.15700018,0.10100004,0.33099982,0.7640001
1890.1998,0.14100006,0.099000014,0.30600008,0.729
1903.1001,0.14100006,0.10600002,0.30600008,0.727
1904.9,0.14300019,0.103999995,0.31700006,0.739
1902.4,0.147,0.09600007,0.32499978,0.7490001
1902.4,0.147,0.09600007,0.32499978,0.7490001
1902.4,0.147,0.09600007,0.32499978,0.7490001
1907.7,0.147,0.09600007,0.33599976,0.77199984
1911.6,0.147,0.10100004,0.33599976,0.7860002
1925.7,0.14900012,0.09600007,0.35499993,0.8209999
1901.6,0.15500006,0.09100009,0.3800001,0.8610001
1902.3,0.15500006,0.094000034,0.373,0.841
1902.3,0.15500006,0.094000034,0.373,0.841
1902.3,0.15500006,0.094000034,0.373,0.841
1903.1001,0.1509998,0.08900006,0.35100007,0.8029998
1909.2,0.14900012,0.09600007,0.3319999,0.7710001
1876.5001,0.15000018,0.09600007,0.3319999,0.7739998
1868.0,0.15299992,0.094000034,0.37500018,0.831
1879.9,0.15600012,0.094000034,0.38399997,0.8739999
1879.9,0.15600012,0.094000034,0.38399997,0.8739999
1879.9,0.15600012,0.094000034,0.38399997,0.8739999
1892.5001,0.15800002,0.09100009,0.3800001,0.8519999
1910.4,0.17000012,0.09600007,0.39399987,0.8959999
1896.2,0.14900012,0.094000034,0.3319999,0.7710001
1946.8,0.14900012,0.09100009,0.32900012,0.7660001
1951.6998,0.15500006,0.094000034,0.36099994,0.8200002
1951.6998,0.15500006,0.094000034,0.36099994,0.8200002
1951.6998,0.15500006,0.094000034,0.36099994,0.8200002
1854.4,0.175,0.09600007,0.42799988,0.92400014
1876.4001,0.18499996,0.09600007,0.45400015,0.9600001
1861.6,0.18700008,0.09600007,0.45400015,0.9770001
1873.3,0.17700012,0.09100009,0.3929998,0.8830002
1886.1998,0.18099993,0.09100009,0.40900016,0.8979999
1886.1998,0.18099993,0.09100009,0.40900016,0.8979999
1886.1998,0.18099993,0.09100009,0.40900016,0.8979999
1887.8,0.17900002,0.08400008,0.40800008,0.911
1885.1,0.175,0.08599992,0.3810002,0.8619999
1873.8999,0.175,0.08599992,0.39499995,0.87000006
1861.5,0.16699992,0.06600001,0.3810002,0.8419998
1872.4001,0.161,0.06800004,0.373,0.82400006
1872.4001,0.161,0.06800004,0.373,0.82400006
1872.4001,0.161,0.06800004,0.373,0.82400006
1837.7999,0.16300012,0.07599997,0.38799986,0.8590002
1804.6001,0.16399996,0.08599992,0.39999992,0.8850001
1805.5,0.16200006,0.08599992,0.39200017,0.882
1788.1,0.15600012,0.09699999,0.3800001,0.8590002
1784.8,0.154,0.08099994,0.36900014,0.8419998
1784.8,0.154,0.08099994,0.36900014,0.8419998
1784.8,0.154,0.08099994,0.36900014,0.8419998
1777.9999,0.15000018,0.08099994,0.3640002,0.8419998
1816.6001,0.17000012,0.08599992,0.41900006,0.9289998
1827.6,0.16200006,0.08099994,0.41599983,0.9380001
1838.4,0.15299992,0.08099994,0.39600003,0.911
1837.5,0.15299992,0.08099994,0.42299995,0.9729999
1837.5,0.15299992,0.08099994,0.42299995,0.9729999
1837.5,0.15299992,0.08099994,0.42299995,0.9729999
1863.3,0.14499986,0.07599997,0.3910001,0.92800003
1872.3002,0.1509998,0.078999914,0.39399987,0.92100006
1836.1,0.1509998,0.07599997,0.407,0.9380001
1835.2001,0.13899992,0.078999914,0.38399997,0.90599996
1841.4,0.12100012,0.07099999,0.3640002,0.8959999
1841.4,0.12100012,0.07099999,0.3640002,0.8959999
1841.4,0.12100012,0.07099999,0.3640002,0.8959999
1829.7999,0.118999995,0.07099999,0.36200002,0.8979999
1853.2,0.118999995,0.07599997,0.36699998,0.911
1857.0,0.118999995,0.08099994,0.36900014,0.9199999
1887.9,0.1229998,0.08599992,0.37799996,0.93499994
1886.5,0.1229998,0.08599992,0.3810002,0.945
1886.5,0.1229998,0.08599992,0.3810002,0.945
1886.5,0.1229998,0.08599992,0.3810002,0.945
1880.3002,0.1229998,0.08900006,0.3810002,0.9380001
1867.7,0.118999995,0.08900006,0.36499983,0.92100006
1875.6,0.12100012,0.08599992,0.37199992,0.945
1880.7001,0.1229998,0.08900006,0.3640002,0.92600006
1880.7001,0.1229998,0.08900006,0.3640002,0.92600006
1880.7001,0.1229998,0.08900006,0.3640002,0.92600006
1880.7001,0.1229998,0.08900006,0.3640002,0.92600006
1877.8999,0.1229998,0.094000034,0.35700008,0.923
1880.5001,0.12900019,0.09600007,0.3810002,0.94
1893.4,0.12499993,0.08099994,0.36999977,0.92600006
1895.1001,0.1229998,0.078999914,0.36099994,0.916
1895.1001,0.1229998,0.078999914,0.36099994,0.916
1895.1001,0.1229998,0.078999914,0.36099994,0.916
1895.1001,0.1229998,0.078999914,0.36099994,0.916
1946.6,0.116999865,0.078999914,0.35300022,0.918
1954.4,0.1229998,0.08400008,0.37699988,0.95500004
1908.6001,0.13899992,0.08900006,0.4269998,1.0389999
1913.6,0.14100006,0.08599992,0.45800003,1.0810001
1835.4,0.1369998,0.08599992,0.486,1.119
1835.4,0.1369998,0.08599992,0.486,1.119
1835.4,0.1369998,0.08599992,0.486,1.119
1850.8002,0.14900012,0.08599992,0.5059998,1.144
1844.2,0.147,0.08599992,0.49800006,1.129
1854.9001,0.14499986,0.08599992,0.47500002,1.0919999
1851.4,0.14499986,0.08099994,0.48399985,1.129
1829.8999,0.13500012,0.08099994,0.452,1.0869999
1829.8999,0.13500012,0.08099994,0.452,1.0869999
1829.8999,0.13500012,0.08099994,0.452,1.0869999
1840.2,0.1369998,0.08099994,0.4600002,1.1
1840.2,0.13299999,0.08900006,0.44700006,1.0919999
1866.5,0.12900019,0.08099994,0.441,1.0770003
1865.8999,0.12499993,0.08099994,0.44700006,1.1089998
1856.2,0.12499993,0.078999914,0.43299985,1.0860001
1856.2,0.12499993,0.078999914,0.43299985,1.0860001
1856.2,0.12499993,0.078999914,0.43299985,1.0860001
1855.2001,0.12100012,0.07599997,0.40499985,1.0330001
1850.9001,0.1229998,0.078999914,0.40900016,1.0330001
1844.9,0.118999995,0.07099999,0.40999982,1.013
1839.4,0.12100012,0.06300006,0.4320002,1.052
1849.0,0.110999934,0.058000084,0.42600018,1.071
1849.0,0.110999934,0.058000084,0.42600018,1.071
1849.0,0.110999934,0.058000084,0.42600018,1.071
1862.1998,0.110999934,0.056000054,0.42400002,1.0790001
1832.4001,0.11300006,0.056000054,0.43799978,1.095
1833.7999,0.118999995,0.045999907,0.46400005,1.139
1790.3,0.11300006,0.037999984,0.45800003,1.1359999
1811.9,0.105,0.033000004,0.4660002,1.1690001
1811.9,0.105,0.033000004,0.4660002,1.1690001
1811.9,0.105,0.033000004,0.4660002,1.1690001
1833.0,0.11300006,0.030000057,0.48200014,1.1759998
1836.2,0.116999865,0.04099993,0.47500002,1.16
1841.6,0.110999934,0.04099993,0.45099992,1.124
1825.6,0.1089998,0.04099993,0.46400005,1.165
1821.9999,0.110999934,0.04099993,0.49300012,1.2100002
1821.9999,0.110999934,0.04099993,0.49300012,1.2100002
1821.9999,0.110999934,0.04099993,0.49300012,1.2100002
1799.0001,0.11500019,0.04099993,0.5220002,1.25
1797.8999,0.1229998,0.04099993,0.5720001,1.311
1771.8,0.1089998,0.04099993,0.554,1.2820001
1773.9999,0.1089998,0.037999984,0.554,1.2970002
1776.2999,0.1089998,0.033000004,0.5770001,1.34
1776.2999,0.1089998,0.033000004,0.5770001,1.34
1776.2999,0.1089998,0.033000004,0.5770001,1.34
1807.2001,0.11500019,0.030000057,0.6000001,1.3690001
1804.8,0.110999934,0.033000004,0.56999993,1.3430002
1796.6001,0.12499993,0.033000004,0.602,1.3720001
1775.4,0.17799996,0.04299996,0.82000005,1.53
1728.8,0.12900019,0.04099993,0.7300001,1.407
1728.8,0.12900019,0.04099993,0.7300001,1.407
1728.8,0.12900019,0.04099993,0.7300001,1.407
1723.0001,0.12100012,0.035000034,0.698,1.426
1733.6,0.1229998,0.04099993,0.6629999,1.398
1715.8,0.14300019,0.04099993,0.73200005,1.484
1700.6998,0.147,0.037999984,0.78199995,1.557
1698.5,0.14100006,0.037999984,0.80300003,1.577
1698.5,0.14100006,0.037999984,0.80300003,1.577
1698.5,0.14100006,0.037999984,0.80300003,1.577
1677.9999,0.16500002,0.04099993,0.8600001,1.603
1716.9,0.16300012,0.04099993,0.808,1.5279999
1721.7999,0.15500006,0.04099993,0.78899986,1.5209999
1722.6,0.14300019,0.037999984,0.7860001,1.5349998
1719.8,0.14900012,0.030000057,0.842,1.6249999
1719.8,0.14900012,0.030000057,0.842,1.6249999
1719.8,0.14900012,0.030000057,0.842,1.6249999
1729.2,0.15299992,0.025000079,0.8289999,1.6070001
1730.9001,0.1509998,0.018000072,0.8289999,1.621
1727.1001,0.1369998,0.018000072,0.802,1.6459999
1732.4999,0.15700018,0.014999933,0.8600001,1.7060001
1741.7,0.15299992,0.009999955,0.887,1.73
1741.7,0.15299992,0.009999955,0.887,1.73
1741.7,0.15299992,0.009999955,0.887,1.73
1738.0999,0.1509998,0.009999955,0.8629999,1.695
1725.1,0.147,0.014999933,0.816,1.622
1733.2,0.15000018,0.01999991,0.814,1.6140001
1725.1,0.13899992,0.01999991,0.8349999,1.633
1732.2999,0.14100006,0.01999991,0.86399996,1.674
1732.2999,0.14100006,0.01999991,0.86399996,1.674
1732.2999,0.14100006,0.01999991,0.86399996,1.674
1712.2,0.14300019,0.014999933,0.89199996,1.7170001
1685.1,0.14800006,0.02300005,0.89900005,1.7100002
1714.4,0.16200006,0.02300005,0.938,1.744
1727.3,0.16200006,0.018000072,0.90599996,1.673
1727.3,0.16200006,0.01999991,0.90599996,1.673
1727.3,0.16200006,0.01999991,0.90599996,1.673
1727.3,0.16200006,0.01999991,0.90599996,1.673
1727.7,0.17000012,0.01999991,0.93000007,1.707
1741.9999,0.16200006,0.01999991,0.87,1.658
1740.4999,0.15500006,0.014999933,0.8740001,1.679
1757.1,0.1509998,0.014999933,0.83799994,1.626
1743.8,0.15900008,0.013000094,0.8660001,1.662
1743.8,0.15900008,0.013000094,0.8660001,1.662
1743.8,0.15900008,0.013000094,0.8660001,1.662
1731.6,0.16900006,0.018000072,0.88500005,1.6689999
1746.5,0.161,0.01999991,0.839,1.6199999
1735.3,0.16300012,0.01999991,0.8600001,1.634
1765.7999,0.161,0.014999933,0.816,1.5739999
1779.3,0.16300012,0.018000072,0.8370001,1.5900002
1779.3,0.16300012,0.018000072,0.8370001,1.5900002
1779.3,0.16300012,0.018000072,0.8370001,1.5900002
1769.7,0.161,0.01999991,0.83400005,1.61
1777.6,0.15299992,0.025000079,0.7980001,1.566
1792.7001,0.14900012,0.02300005,0.8000001,1.559
1781.5,0.1509998,0.01999991,0.794,1.5420002
1777.3,0.15999992,0.01999991,0.816,1.559
1777.3,0.15999992,0.01999991,0.816,1.559
1777.3,0.15999992,0.01999991,0.816,1.559
1779.4,0.17000012,0.014999933,0.83100003,1.5680001
1778.1998,0.182,0.014999933,0.881,1.6249999
1773.5,0.16600008,0.018000072,0.85199994,1.611
1768.2999,0.16399996,0.013000094,0.867,1.6410002
1767.7,0.16200006,0.013000094,0.8489999,1.626
1767.7,0.16200006,0.013000094,0.8489999,1.626
1767.7,0.16200006,0.013000094,0.8489999,1.626
1791.8,0.16200006,0.014999933,0.825,1.599
1776.0,0.16200006,0.014999933,0.819,1.5909998
1784.2999,0.15500006,0.018000072,0.7950001,1.571
1815.7,0.15700018,0.014999933,0.80300003,1.57
1831.3,0.147,0.014999933,0.774,1.5789999
1831.3,0.147,0.014999933,0.774,1.5789999
1831.3,0.147,0.014999933,0.774,1.5789999
1837.6,0.15500006,0.009999955,0.78499997,1.604
1836.1,0.161,0.014999933,0.8009999,1.622
1822.8002,0.16699992,0.014999933,0.86399996,1.693
1824.0,0.15700018,0.013000094,0.8289999,1.659
1838.0999,0.14900012,0.009999955,0.8179999,1.635
1838.0999,0.14900012,0.009999955,0.8179999,1.635
1838.0999,0.14900012,0.009999955,0.8179999,1.635
1867.6,0.15500006,0.009999955,0.83599997,1.652
1868.0,0.1509998,0.014999933,0.819,1.64
1881.5,0.15900008,0.014999933,0.8600001,1.6759999
1881.8999,0.147,0.007999926,0.8150001,1.628
1876.7001,0.15500006,0.0049999775,0.8209999,1.6229999
1876.7001,0.15500006,0.0049999775,0.8209999,1.6229999
1876.7001,0.15500006,0.0049999775,0.8209999,1.6229999
1884.5001,0.1509998,0.009999955,0.80300003,1.603
1897.9999,0.14499986,0.014999933,0.774,1.56
1901.2,0.14800006,0.009999955,0.78199995,1.5809999
1896.9,0.147,0.009999955,0.814,1.606
1904.0,0.14100006,0.013000094,0.788,1.5809999
1904.0,0.14100006,0.013000094,0.788,1.5809999
1904.0,0.14100006,0.013000094,0.788,1.5809999
1905.0,0.14499986,0.014999933,0.808,1.61
1903.7,0.14900012,0.014999933,0.80300003,1.606
1908.7001,0.147,0.01999991,0.7950001,1.589
1872.1,0.15800002,0.01999991,0.83999985,1.6249999
1890.8002,0.14900012,0.01999991,0.78000003,1.557
1890.8002,0.14900012,0.01999991,0.78000003,1.557
1890.8002,0.14900012,0.01999991,0.78000003,1.557
1897.6,0.15700018,0.025000079,0.7929999,1.569
1893.1,0.15500006,0.025000079,0.77600014,1.5379999
1894.1998,0.15700018,0.025000079,0.7499999,1.492
1895.2001,0.147,0.025000079,0.7160001,1.437
1878.4,0.14900012,0.028000027,0.7440001,1.454
1878.4,0.14900012,0.028000027,0.7440001,1.454
1878.4,0.14900012,0.028000027,0.7440001,1.454
1864.6001,0.161,0.025000079,0.7870001,1.497
1855.2001,0.16500002,0.025000079,0.7789999,1.4889998
1860.2,0.20700002,0.047999937,0.8969999,1.5809999
1774.5,0.21299995,0.037999984,0.881,1.511
1768.3999,0.25199997,0.04099993,0.87600005,1.4429998
1768.3999,0.25199997,0.04099993,0.87600005,1.4429998
1768.3999,0.25199997,0.04099993,0.87600005,1.4429998
1782.3,0.256,0.04099993,0.8880001,1.497
1776.4999,0.22999993,0.04299996,0.8569999,1.467
1782.5,0.2640001,0.045999907,0.8799999,1.485
1775.8,0.27,0.052999914,0.91499996,1.4989998
1777.0,0.26800013,0.052999914,0.9249999,1.524
1777.0,0.26800013,0.052999914,0.9249999,1.524
1777.0,0.26800013,0.052999914,0.9249999,1.524
1779.8,0.256,0.051000077,0.89900005,1.4819999
1763.6,0.25199997,0.051000077,0.89099985,1.4749999
1771.6,0.25199997,0.045999907,0.89099985,1.4679999
1776.8,0.25499997,0.047999937,0.893,1.4590001
1783.3,0.23799999,0.051000077,0.859,1.4309999
1783.3,0.23799999,0.051000077,0.859,1.4309999
1783.3,0.23799999,0.051000077,0.859,1.4309999
1794.1998,0.23399995,0.045999907,0.86099994,1.4359999
1794.1998,0.21999995,0.047999937,0.79700005,1.352
1802.0999,0.21800005,0.052999914,0.78499997,1.3230001
1800.2,0.196,0.052999914,0.7419999,1.294
1810.6,0.21500008,0.052999914,0.7870001,1.361
1810.6,0.21500008,0.052999914,0.7870001,1.361
1810.6,0.21500008,0.052999914,0.7870001,1.361
1805.8999,0.22699995,0.052999914,0.7950001,1.368
1809.8999,0.25499997,0.051000077,0.8459999,1.4180001
1825.0,0.22500005,0.051000077,0.794,1.349
1829.0,0.22699995,0.047999937,0.78000003,1.301
1815.0001,0.22800002,0.045999907,0.7810001,1.2999998
1815.0001,0.22800002,0.045999907,0.7810001,1.2999998
1815.0001,0.22800002,0.045999907,0.7810001,1.2999998
1809.2,0.21800005,0.045999907,0.7070001,1.199
1811.4,0.20199993,0.051000077,0.6850001,1.2220001
1803.4,0.21,0.051000077,0.73800004,1.292
1805.4,0.20199993,0.047999937,0.71999997,1.2770001
1801.7999,0.20000002,0.051000077,0.71300006,1.2809999
1801.7999,0.20000002,0.051000077,0.71300006,1.2809999
1801.7999,0.20000002,0.051000077,0.71300006,1.2809999
1799.2001,0.196,0.045999907,0.726,1.2950002
1799.8,0.20700002,0.051000077,0.70200014,1.2389997
1799.7,0.20400006,0.051000077,0.7139999,1.238
1832.3002,0.20400006,0.045999907,0.73200005,1.2660002
1813.5,0.18799993,0.045999907,0.6930001,1.2260001
1813.5,0.18799993,0.045999907,0.6930001,1.2260001
1813.5,0.18799993,0.045999907,0.6930001,1.2260001
1818.7,0.17399992,0.047999937,0.655,1.1790003
1810.7,0.17200002,0.051000077,0.647,1.1740003
1811.2001,0.182,0.051000077,0.67400014,1.1800001
1805.7,0.20199993,0.052999914,0.726,1.2249999
1760.2999,0.2119999,0.051000077,0.774,1.3049998
1760.2999,0.2119999,0.051000077,0.774,1.3049998
1760.2999,0.2119999,0.051000077,0.774,1.3049998
1723.8,0.22200009,0.051000077,0.7980001,1.3249999
1729.0,0.23799999,0.056000054,0.8289999,1.354
1750.8002,0.22100002,0.051000077,0.8069999,1.335
1749.3,0.22500005,0.051000077,0.828,1.361
1775.5,0.20899993,0.052999914,0.77600014,1.2829999
1775.5,0.20899993,0.052999914,0.77600014,1.2829999
1775.5,0.20899993,0.052999914,0.77600014,1.2829999
1787.2001,0.21299995,0.06300006,0.76199996,1.2680001
1785.5,0.217,0.073999934,0.7699999,1.267
1782.0999,0.21800005,0.06100003,0.76799995,1.26
1780.5999,0.22200009,0.052999914,0.7699999,1.243
1781.4,0.22599989,0.052999914,0.78300005,1.255
1781.4,0.22599989,0.052999914,0.78300005,1.255
1781.4,0.22599989,0.052999914,0.78300005,1.255
1803.6,0.22599989,0.051000077,0.77099997,1.253
1805.8999,0.22399999,0.058000084,0.7980001,1.2970002
1788.2,0.24099995,0.051000077,0.82399994,1.349
1792.4001,0.24300009,0.052999914,0.8510001,1.354
1816.6001,0.21899989,0.052999914,0.8009999,1.31
1816.6001,0.21899989,0.052999914,0.8009999,1.31
1816.6001,0.21899989,0.052999914,0.8009999,1.31
1809.7999,0.203,0.045999907,0.7669999,1.2800001
1815.8,0.21100006,0.045999907,0.7750001,1.3070002
1813.7999,0.21100006,0.045999907,0.77600014,1.299
1809.4,0.21,0.045999907,0.76900005,1.2850002
1831.5,0.20800008,0.045999907,0.78499997,1.3260001
1831.5,0.20800008,0.045999907,0.78499997,1.3260001
1831.5,0.20800008,0.045999907,0.78499997,1.3260001
1798.5,0.20400006,0.045999907,0.7899999,1.3359997
1796.3002,0.22200009,0.04099993,0.82399994,1.377
1791.2001,0.21800005,0.045999907,0.80600005,1.3359997
1797.7999,0.21400002,0.045999907,0.78899986,1.2970002
1789.8999,0.21500008,0.047999937,0.816,1.3430002
1789.8999,0.21500008,0.047999937,0.816,1.3430002
1789.8999,0.21500008,0.047999937,0.816,1.3430002
1792.3002,0.21299995,0.047999937,0.80600005,1.3260001
1805.0,0.20899993,0.04099993,0.78499997,1.284
1792.6001,0.21299995,0.04099993,0.8000001,1.3040001
1754.6,0.22100002,0.035000034,0.83999985,1.3359997
1749.4,0.22599989,0.037999984,0.86200005,1.363
1749.4,0.22599989,0.037999984,0.86200005,1.363
1749.4,0.22599989,0.037999984,0.86200005,1.363
1761.7999,0.21599993,0.030000057,0.8260001,1.3119998
1776.1,0.21800005,0.025000079,0.83400005,1.3280001
1776.6998,0.24000011,0.030000057,0.8540001,1.3040001
1747.7,0.26100013,0.030000057,0.9479999,1.435
1749.7,0.2710001,0.035000034,0.9479999,1.453
1749.7,0.2710001,0.035000034,0.9479999,1.453
1749.7,0.2710001,0.035000034,0.9479999,1.453
1749.9999,0.28,0.030000057,0.9879999,1.4910002
1735.9,0.305,0.04099993,1.0240002,1.546
1722.1998,0.29299992,0.04099993,0.99500006,1.524
1756.2999,0.28100005,0.037999984,0.97099996,1.492
1757.7,0.26599997,0.037999984,0.93000007,1.465
1757.7,0.26599997,0.037999984,0.93000007,1.465
1757.7,0.26599997,0.037999984,0.93000007,1.465
1766.9001,0.28,0.037999984,0.946,1.481
1760.2,0.28599992,0.04099993,0.9759999,1.5279999
1761.2,0.298,0.045999907,0.9879999,1.5279999
1758.6,0.31000012,0.052999914,1.025,1.576
1756.8,0.32000008,0.051000077,1.056,1.612
1756.8,0.32000008,0.051000077,1.056,1.612
1756.8,0.32000008,0.051000077,1.056,1.612
1755.1001,0.354,0.052999914,1.0920001,1.628
1758.7,0.34199992,0.051000077,1.071,1.5719999
1794.0999,0.35999995,0.051000077,1.074,1.5420002
1797.3,0.364,0.045999907,1.053,1.5159999
1767.7,0.39499995,0.047999937,1.124,1.5739999
1767.7,0.39499995,0.047999937,1.124,1.5739999
1767.7,0.39499995,0.047999937,1.124,1.5739999
1765.1,0.42100003,0.052999914,1.1650001,1.5909998
1769.8999,0.399,0.056000054,1.1650001,1.6410002
1784.3999,0.3870001,0.056000054,1.167,1.6599998
1781.3,0.45200002,0.056000054,1.235,1.696
1795.7,0.46000007,0.06100003,1.2009999,1.638
1795.7,0.46000007,0.06100003,1.2009999,1.638
1795.7,0.46000007,0.06100003,1.2009999,1.638
1806.1998,0.43500003,0.056000054,1.1710001,1.633
1792.5001,0.44799998,0.056000054,1.178,1.61
1797.7999,0.5029999,0.056000054,1.15,1.55
1802.6,0.4889999,0.056000054,1.183,1.578
1783.9,0.501,0.058000084,1.185,1.5610001
1783.9,0.501,0.058000084,1.185,1.5610001
1783.9,0.501,0.058000084,1.185,1.5610001
1795.8,0.501,0.047999937,1.181,1.5610001
1789.4,0.44799998,0.051000077,1.1430001,1.547
1763.9,0.47599998,0.051000077,1.19,1.603
1793.5,0.4259999,0.04099993,1.1140001,1.53
1816.8,0.4049999,0.045999907,1.056,1.455
1816.8,0.4049999,0.045999907,1.056,1.455
1816.8,0.4049999,0.045999907,1.056,1.455
1828.0,0.4469999,0.04099993,1.1219999,1.4930001
1830.8002,0.42299995,0.045999907,1.081,1.439
1848.3002,0.51900005,0.051000077,1.226,1.57
1863.9,0.5410001,0.051000077,1.2550001,1.578
1868.5001,0.5169999,0.052999914,1.2280002,1.57
1868.5001,0.5169999,0.052999914,1.2280002,1.57
1868.5001,0.5169999,0.052999914,1.2280002,1.57
1866.6,0.5200001,0.045999907,1.2550001,1.6179999
1854.0999,0.522,0.045999907,1.2699999,1.64
1870.1998,0.49800003,0.051000077,1.229,1.585
1861.4,0.50199986,0.051000077,1.22,1.587
1851.6,0.51300013,0.051000077,1.2230002,1.548
1851.6,0.51300013,0.051000077,1.2230002,1.548
1851.6,0.51300013,0.051000077,1.2230002,1.548
1806.3,0.592,0.051000077,1.3230001,1.6320001
1783.8,0.6140001,0.051000077,1.344,1.6759999
1784.2999,0.644,0.06100003,1.3460001,1.643
1785.5,0.6180001,0.06100003,1.3000001,1.596
1785.5,0.508,0.052999914,1.1689999,1.4819999
1785.5,0.508,0.052999914,1.1689999,1.4819999
1785.5,0.508,0.052999914,1.1689999,1.4819999
1783.8,0.4959999,0.047999937,1.158,1.502
1775.1001,0.567,0.052999914,1.1679999,1.456
1783.0001,0.55100006,0.056000054,1.132,1.404
1761.6,0.6149999,0.052999914,1.2019999,1.444
1782.9001,0.59300005,0.052999914,1.1399999,1.3559998
1782.9001,0.59300005,0.052999914,1.1399999,1.3559998
1782.9001,0.59300005,0.052999914,1.1399999,1.3559998
1778.5,0.63100004,0.052999914,1.2050002,1.433
1783.6,0.69299996,0.06300006,1.26,1.4819999
1784.4999,0.686,0.06600001,1.2809999,1.5279999
1775.7,0.6919999,0.06300006,1.268,1.497
1783.8,0.6539999,0.06300006,1.2469999,1.4819999
1783.8,0.6539999,0.06300006,1.2469999,1.4819999
1783.8,0.6539999,0.06300006,1.2469999,1.4819999
1787.3,0.6320001,0.056000054,1.203,1.414
1771.3,0.6569999,0.058000084,1.234,1.4409999
1763.6,0.66499996,0.051000077,1.2450001,1.458
1797.4,0.61700004,0.045999907,1.175,1.4239999
1804.1,0.6399999,0.051000077,1.178,1.407
1804.1,0.6399999,0.051000077,1.178,1.407
1804.1,0.6399999,0.051000077,1.178,1.407
1793.7999,0.6359999,0.07599997,1.1720002,1.428
1788.0,0.669,0.07099999,1.22,1.467
1801.5,0.66499996,0.07099999,1.2160001,1.453
1811.0001,0.69100004,0.07099999,1.243,1.4930001
1811.0001,0.69100004,0.07099999,1.243,1.4930001
1811.0001,0.69100004,0.07099999,1.243,1.4930001
1811.0001,0.69100004,0.07099999,1.243,1.4930001
1808.0,0.70500004,0.056000054,1.2500001,1.4769999
1810.0999,0.756,0.06100003,1.2469999,1.484
1804.8,0.7519999,0.051000077,1.3000001,1.5560001
1814.0999,0.7300001,0.045999907,1.265,1.507
1828.6001,0.7339999,0.052999914,1.263,1.5120001
1828.6001,0.7339999,0.052999914,1.263,1.5120001
1828.6001,0.7339999,0.052999914,1.263,1.5120001
1800.1,0.7759999,0.06300006,1.3599999,1.6369998
1814.6,0.76,0.08599992,1.3599999,1.649
1825.1,0.83,0.09100009,1.426,1.7
1789.2,0.8739999,0.10100004,1.474,1.728
1797.4,0.87000006,0.09600007,1.5040001,1.765
1797.4,0.87000006,0.09600007,1.5040001,1.765
1797.4,0.87000006,0.09600007,1.5040001,1.765
1798.8002,0.89800006,0.099000014,1.5150001,1.755
1818.5,0.8879999,0.12700003,1.5069999,1.746
1827.3,0.9229999,0.12200006,1.5210001,1.7520001
1821.4,0.8949999,0.12200006,1.471,1.701
1816.5001,0.96900016,0.12900007,1.559,1.793
1816.5001,0.96900016,0.12900007,1.559,1.793
1816.5001,0.96900016,0.12900007,1.559,1.793
1812.4001,1.003,0.13999994,1.5929999,1.809
1812.4001,1.0460001,0.14199997,1.661,1.875
1843.2001,1.051,0.17200004,1.6400001,1.8539999
1842.6,1.0269998,0.17999996,1.5919999,1.811
1831.8,1.016,0.17,1.5720001,1.77
1831.8,1.016,0.17,1.5720001,1.77
1831.8,1.016,0.17,1.5720001,1.77
1841.7,0.9710001,0.17,1.551,1.776
1852.5001,1.0269998,0.19300005,1.5639999,1.776
1829.7,1.156,0.20000006,1.689,1.873
1793.1,1.1879998,0.20500003,1.6620001,1.8029999
1785.7999,1.1720002,0.18999991,1.6209999,1.778
1785.7999,1.1720002,0.18999991,1.6209999,1.778
1785.7999,1.1720002,0.18999991,1.6209999,1.778
1796.0,1.1850001,0.18499993,1.6139998,1.7840002
1800.8,1.1689999,0.2160001,1.6230001,1.795
1809.5,1.1500001,0.19300005,1.6029999,1.771
1803.2001,1.202,0.20500003,1.6740001,1.836
1806.8002,1.316,0.23800004,1.7729999,1.9159999
1806.8002,1.316,0.23800004,1.7729999,1.9159999
1806.8002,1.316,0.23800004,1.7729999,1.9159999
1820.8,1.2939999,0.22299992,1.7669998,1.919
1826.8002,1.345,0.28399995,1.817,1.965
1835.6,1.366,0.27899998,1.822,1.9450002
1836.4001,1.6089998,0.40899995,1.966,2.043
1841.1,1.4870001,0.373,1.8320001,1.9180001
1841.1,1.4870001,0.373,1.8320001,1.9180001
1841.1,1.4870001,0.373,1.8320001,1.9180001
1868.3002,1.57,0.3910001,1.9080001,1.986
1855.1001,1.577,0.41599998,1.9369999,2.043
1870.5,1.527,0.38299996,1.922,2.04
1901.0,1.4699999,0.36500007,1.847,1.968
1898.8002,1.4699999,0.35800007,1.819,1.9269999
1898.8002,1.4699999,0.35800007,1.819,1.9269999
1898.8002,1.4699999,0.35800007,1.819,1.9269999
1907.4,1.436,0.34499997,1.7669998,1.873
1906.4,1.5609999,0.35499993,1.868,1.944
1909.4,1.606,0.35499993,1.9100001,1.998
1925.4,1.5780001,0.32199994,1.865,1.97
1887.6,1.57,0.34799993,1.87,1.97
1887.6,1.57,0.34799993,1.87,1.97
1887.6,1.57,0.34799993,1.87,1.97
1900.7001,1.436,0.32199994,1.713,1.822
1943.8,1.333,0.3319999,1.5699999,1.716
1922.3,1.514,0.33500004,1.757,1.878
1935.9,1.5259999,0.36500007,1.731,1.84
1966.6,1.4899999,0.33500004,1.647,1.737
1966.6,1.4899999,0.33500004,1.647,1.737
1966.6,1.4899999,0.33500004,1.647,1.737
1995.9,1.556,0.34,1.7020001,1.777
2043.2999,1.6009998,0.37500003,1.7760001,1.84
1988.2,1.6760001,0.38099992,1.8799999,1.9509999
2000.4001,1.702,0.39600006,1.9249998,1.993
1985.0,1.746,0.39600006,1.95,1.9969999
1985.0,1.746,0.39600006,1.95,1.9969999
1985.0,1.746,0.39600006,1.95,1.9969999
1960.8,1.8650001,0.42400008,2.097,2.142
1929.7,1.8510001,0.4639999,2.107,2.149
1909.2,1.9480001,0.45899993,2.188,2.192
1943.2,1.916,0.39600006,2.142,2.167
1929.3,1.9420002,0.41399994,2.146,2.153
1929.3,1.9420002,0.41399994,2.146,2.153
1929.3,1.9420002,0.41399994,2.146,2.153
1929.5,2.117,0.49199992,2.324,2.297
1921.5,2.166,0.53800005,2.4,2.381
1937.3,2.098,0.49699992,2.315,2.29
1962.1998,2.135,0.52,2.398,2.37
1954.1998,2.284,0.53800005,2.561,2.488
1954.1998,2.284,0.53800005,2.561,2.488
1954.1998,2.284,0.53800005,2.561,2.488
1939.8,2.336,0.5560001,2.563,2.466
1912.2,2.373,0.574,2.502,2.398
1936.1,2.312,0.53800005,2.442,2.358
1951.1,2.335,0.52,2.465,2.345
1920.9,2.463,0.52800006,2.565,2.389
1920.9,2.463,0.52800006,2.565,2.389
1920.9,2.463,0.52800006,2.565,2.389
1930.6,2.418,0.56600004,2.545,2.393
1924.1,2.524,0.68800014,2.704,2.554
1919.7,2.484,0.68800014,2.689,2.598
1934.7,2.468,0.68300015,2.716,2.665
1942.4,2.516,0.6980001,2.756,2.704
1942.4,2.516,0.6980001,2.756,2.704
1942.4,2.516,0.6980001,2.756,2.704
1945.1,2.5,0.70600003,2.785,2.774
1973.2,2.405,0.7590001,2.696,2.727
1981.8999,2.365,0.7570001,2.661,2.703
1972.2,2.456,0.78699994,2.786,2.828
1972.2,2.456,0.78699994,2.786,2.828
1972.2,2.456,0.78699994,2.786,2.828
1972.2,2.456,0.78699994,2.786,2.828
1983.5999,2.446,0.7799999,2.789,2.857
1956.3002,2.598,0.8559999,2.918,2.94
1952.9,2.575,0.8229999,2.862,2.834
1945.4,2.674,0.8279999,2.964,2.908
1931.5999,2.678,0.8279999,2.94,2.905
1931.5999,2.678,0.8279999,2.94,2.905
1931.5999,2.678,0.8279999,2.94,2.905
1893.3,2.628,0.8300001,2.859,2.818
1901.5,2.481,0.8559999,2.739,2.728
1885.7999,2.591,0.8279999,2.825,2.826
1891.3,2.629,0.8250001,2.848,2.832
1911.7,2.731,0.84099996,2.962,2.938
1911.7,2.731,0.84099996,2.962,2.938
1911.7,2.731,0.84099996,2.962,2.938
1863.6,2.731,0.8,3.003,2.977
1870.6,2.784,0.9250001,3.027,2.979
1868.8,2.654,0.92199993,2.926,2.946
1875.7,2.712,0.85099995,3.007,3.035
1882.8002,2.735,0.848,3.079,3.142
1882.8002,2.735,0.848,3.079,3.142
1882.8002,2.735,0.848,3.079,3.142
1858.6,2.598,0.83300006,2.942,3.034
1841.0,2.606,0.907,2.908,2.989
1853.7,2.647,0.90400004,2.898,2.925
1824.6001,2.58,0.94,2.838,2.855
1808.2,2.588,0.9879999,2.874,2.928
1808.2,2.588,0.9879999,2.874,2.928
1808.2,2.588,0.9879999,2.874,2.928
1813.9999,2.574,1.0269998,2.825,2.886
1818.9001,2.711,1.0700002,2.967,2.995
1815.9,2.667,1.039,2.888,2.884
1841.2,2.612,1.0470002,2.837,2.837
1842.0999,2.587,1.034,2.806,2.788
1842.0999,2.587,1.034,2.806,2.788
1842.0999,2.587,1.034,2.806,2.788
1847.8,2.629,1.029,2.876,2.861
1865.4,2.481,1.0650002,2.743,2.754
1846.3,2.502,1.073,2.726,2.751
1847.6,2.478,1.0549998,2.706,2.742
1853.9999,2.484,1.088,2.724,2.743
1853.9999,2.484,1.088,2.724,2.743
1853.9999,2.484,1.088,2.724,2.743
1848.4001,2.571,1.0800002,2.807,2.812
1845.2,2.563,1.067,2.821,2.849
1845.7999,2.648,1.131,2.916,2.911
1868.4001,2.632,1.1460001,2.911,2.913
1847.3,2.657,1.1850001,2.937,2.941
1847.3,2.657,1.1850001,2.937,2.941
1847.3,2.657,1.1850001,2.937,2.941
1840.8,2.732,1.22,3.037,3.04
1849.2,2.735,1.256,2.991,2.979
1853.6,2.778,1.2640002,3.036,3.027
1850.0999,2.815,1.274,3.07,3.046
1872.7001,3.067,1.3630002,3.264,3.165
1872.7001,3.067,1.3630002,3.264,3.165
1872.7001,3.067,1.3630002,3.264,3.165
1829.2,3.367,1.554,3.482,3.362
1810.5,3.439,1.795,3.601,3.479
1816.3002,3.21,1.757,3.373,3.2919998
1846.6,3.1,1.5850002,3.286,3.195
1836.5001,3.17,1.593,3.344,3.231
1836.5001,3.17,1.593,3.344,3.231
1836.5001,3.17,1.593,3.344,3.231
1838.8002,3.246,1.6490002,3.389,3.277
1835.4,3.194,1.5800002,3.365,3.279
1835.2001,3.062,1.593,3.234,3.16
1826.3,3.012,1.634,3.141,3.089
1827.0001,3.063,1.6870002,3.188,3.138
1827.0001,3.063,1.6870002,3.188,3.138
1827.0001,3.063,1.6870002,3.188,3.138
1821.0,3.132,1.685,3.26,3.202
1817.5,3.112,1.7800001,3.235,3.177
1817.5,3.043,1.757,3.139,3.087
1807.3,2.955,1.7,3.043,3.017
1801.5,2.839,1.7099999,2.884,2.889
1801.5,2.839,1.7099999,2.884,2.889
1801.5,2.839,1.7099999,2.884,2.889
1763.9,2.91,1.7540001,2.916,2.932
1763.9,2.822,1.731,2.824,2.818
1736.4999,2.996,1.885,2.98,2.934
1739.7,3.024,1.948,3.039,3.0
1742.3,3.105,1.9630002,3.122,3.08
1742.3,3.105,1.9630002,3.122,3.08
1742.3,3.105,1.9630002,3.122,3.08
1731.7,3.07,2.061,3.053,2.993
1724.8,3.051,2.205,3.02,2.971
1735.5,3.148,2.376,3.028,2.935
1705.7999,3.128,2.399,3.063,2.958
1703.6,3.131,2.335,3.048,2.928
1703.6,3.131,2.335,3.048,2.928
1703.6,3.131,2.335,3.048,2.928
1710.1998,3.17,2.37,3.104,2.989
1710.7,3.242,2.505,3.16,3.028
1700.2,3.236,2.492,3.167,3.03
1713.4,3.095,2.458,2.989,2.882
1727.4,2.972,2.448,2.848,2.754
1727.4,2.972,2.448,2.848,2.754
1727.4,2.972,2.448,2.848,2.754
1719.1001,3.018,2.486,2.888,2.807
1717.7,3.059,2.53,2.9,2.803
1719.1001,2.984,2.451,2.836,2.785
1754.4,2.868,2.386,2.698,2.671
1766.9001,2.891,2.373,2.681,2.658
1766.9001,2.891,2.373,2.681,2.658
1766.9001,2.891,2.373,2.681,2.658
1772.6998,2.886,2.386,2.654,2.588
1774.8002,3.063,2.533,2.858,2.748
1760.9,3.069,2.487,2.829,2.706
1791.2001,3.049,2.443,2.797,2.694
1775.8,3.23,2.53,2.957,2.827
1775.8,3.23,2.53,2.957,2.827
1775.8,3.23,2.53,2.957,2.827
1789.6,3.209,2.529,2.906,2.75
1796.8,3.268,2.633,2.961,2.779
1798.5,3.22,2.597,2.927,2.785
1792.1,3.227,2.558,2.992,2.889
1800.8,3.25,2.563,2.965,2.842
1800.8,3.25,2.563,2.965,2.842
1800.8,3.25,2.563,2.965,2.842
1783.3,3.195,2.588,2.907,2.793
1774.9001,3.268,2.661,2.961,2.808
1761.8999,3.285,2.641,3.053,2.902
1756.4999,3.208,2.669,3.032,2.886
1748.3999,3.238,2.686,3.097,2.976
1748.3999,3.238,2.686,3.097,2.976
1748.3999,3.238,2.686,3.097,2.976
1734.4,3.316,2.755,3.165,3.024
1747.3,3.302,2.769,3.179,3.057
1747.8,3.403,2.78,3.237,3.109
1757.7999,3.374,2.8,3.159,3.031
1736.4999,3.382,2.838,3.191,3.03
1736.4999,3.382,2.838,3.191,3.03
1736.4999,3.382,2.838,3.191,3.03
1736.6998,3.431,2.886,3.261,3.114
1726.9001,3.458,2.944,3.272,3.112
1716.9,3.495,2.931,3.353,3.196
1699.6,3.518,2.954,3.404,3.259
1713.0,3.395,2.909,3.298,3.195
1713.0,3.395,2.909,3.298,3.195
1713.0,3.395,2.909,3.298,3.195
1712.9,3.435,2.922,3.336,3.223
1703.4,3.507,2.935,3.454,3.351
1718.1998,3.439,3.047,3.36,3.2669997
1710.6,3.512,3.029,3.428,3.3229997
1718.8002,3.563,3.041,3.437,3.315
1718.8002,3.563,3.041,3.437,3.315
1718.8002,3.563,3.041,3.437,3.315
1730.8002,3.576,3.071,3.453,3.358
1707.1001,3.746,3.263,3.577,3.4120002
1698.1998,3.7880003,3.212,3.6,3.404
1666.8002,3.8620002,3.186,3.662,3.449
1672.8,3.8710003,3.167,3.636,3.455
1672.8,3.8710003,3.167,3.636,3.455
1672.8,3.8710003,3.167,3.636,3.455
1667.6,3.946,3.128,3.689,3.494
1661.0,3.971,3.348,3.752,3.569
1665.7999,4.059,3.292,3.768,3.534
1671.4,4.118,3.2320004,3.9289997,3.71
1645.3002,4.203,3.195,3.977,3.687
1645.3002,4.203,3.195,3.977,3.687
1645.3002,4.203,3.195,3.977,3.687
1623.6,4.345,3.272,4.199,3.9280002
1626.5,4.287,3.328,4.195,3.949
1660.2999,4.127,3.3740003,3.9510002,3.7370002
1663.6,4.192,3.3139997,4.017,3.782
1667.2001,4.273,3.283,4.087,3.8290002
1667.2001,4.273,3.283,4.087,3.8290002
1667.2001,4.273,3.283,4.087,3.8290002
1697.2,4.113,3.251,3.882,3.643
1725.5,4.097,3.395,3.854,3.6350002
1715.6,4.146,3.392,3.9639997,3.7549999
1715.5,4.256,3.381,4.072,3.828
1704.0,4.312,3.3779998,4.149,3.888
1704.0,4.312,3.3779998,4.149,3.888
1704.0,4.312,3.3779998,4.149,3.888
1670.0999,4.314,3.427,4.174,3.9549997
1680.9,4.314,3.4420002,4.172,3.9450002
1672.2999,4.295,3.622,4.121,3.9019997
1671.8,4.466,3.696,4.207,3.95
1643.7,4.496,3.7229998,4.269,4.023
1643.7,4.496,3.7229998,4.269,4.023
1643.7,4.496,3.7229998,4.269,4.023
1658.9001,4.45,3.7799997,4.232,4.012
1650.7,4.431,3.934,4.222,4.007
1629.0,4.561,3.996,4.359,4.138
1631.8,4.612,4.001,4.448,4.233
1651.5,4.483,3.9920003,4.348,4.219
1651.5,4.483,3.9920003,4.348,4.219
1651.5,4.483,3.9920003,4.348,4.219
1649.2,4.509,4.02,4.366,4.247
1653.3002,4.473,4.066,4.259,4.1
1664.3999,4.418,4.032,4.188,4.007
1660.2999,4.282,4.047,4.066,3.927
1644.8,4.414,4.082,4.181,4.01
1644.8,4.414,4.082,4.181,4.01
1644.8,4.414,4.082,4.181,4.01
1640.6998,4.486,4.09,4.23,4.05
1649.7001,4.551,4.154,4.272,4.048
1650.0,4.611,4.138,4.304,4.096
1630.9,4.718,4.135,4.366,4.149
1676.5999,4.658,4.118,4.331,4.163
1676.5999,4.658,4.118,4.331,4.163
1676.5999,4.658,4.118,4.331,4.163
1680.4999,4.728,4.09,4.395,4.218
1716.0,4.657,4.2,4.297,4.128
1713.7,4.582,4.203,4.244,4.099
1753.7,4.33,4.196,3.9360003,3.811
1769.4,4.33,4.196,3.9360003,3.811
1769.4,4.33,4.196,3.9360003,3.811
1769.4,4.33,4.196,3.9360003,3.811
1776.9,4.399,4.181,3.9950001,3.8629997
1776.8,4.345,4.237,3.9010003,3.777
1775.8,4.365,4.232,3.854,3.69
1763.0001,4.46,4.234,3.937,3.7689998
1754.4,4.531,4.25,4.009,3.8290002
1754.4,4.531,4.25,4.009,3.8290002
1754.4,4.531,4.25,4.009,3.8290002
1739.6,4.563,4.216,4.024,3.84
1739.9,4.523,4.311,3.948,3.7580001
1745.6,4.473,4.314,3.877,3.689
1753.9999,4.44,4.36,3.842,3.661
1753.9999,4.467,4.305,3.87,3.6910002
1753.9999,4.467,4.305,3.87,3.6910002
1753.9999,4.467,4.305,3.87,3.6910002
1740.2999,4.444,4.402,3.873,3.679
1756.2999,4.481,4.384,3.925,3.75
1753.2,4.329,4.364,3.752,3.611
1808.2,4.236,4.316,3.666,3.51
1802.6,4.284,4.32,3.659,3.492
1802.6,4.284,4.32,3.659,3.492
1802.6,4.284,4.32,3.659,3.492
1774.3,4.396,4.312,3.788,3.583
1775.5,4.366,4.371,3.75,3.5309997
1791.0001,4.264,4.301,3.628,3.421
1794.1998,4.314,4.27,3.712,3.489
1803.5,4.342,4.294,3.7720003,3.586
1803.5,4.342,4.294,3.7720003,3.586
1803.5,4.342,4.294,3.7720003,3.586
1785.0,4.382,4.289,3.791,3.6169999
1818.3,4.214,4.358,3.646,3.501
1811.5,4.216,4.345,3.616,3.479
1780.5999,4.24,4.327,3.621,3.45
1793.5,4.182,4.292,3.622,3.488
1793.5,4.182,4.292,3.622,3.488
1793.5,4.182,4.292,3.622,3.488
1791.0001,4.264,4.283,3.719,3.59
1818.6,4.266,4.356,3.794,3.692
1818.5,4.223,4.33,3.7780004,3.673
1788.4999,4.28,4.332,3.8059998,3.686
1797.4,4.327,4.335,3.8619998,3.7510002
1797.4,4.327,4.335,3.8619998,3.7510002
1797.4,4.327,4.335,3.8619998,3.7510002
1797.4,4.332,4.369,3.8570004,3.743
1816.3002,4.383,4.311,3.9450002,3.849
1808.8,4.357,4.457,3.973,3.886
1825.9999,4.366,4.423,3.944,3.82
1826.1998,4.428,4.405,4.0,3.879
1826.1998,4.428,4.405,4.0,3.879
1826.1998,4.428,4.405,4.0,3.879
1826.1998,4.426,4.395,3.9989998,3.879
1846.0999,4.38,4.373,3.9059997,3.7520003
1859.0001,4.356,4.516,3.8450003,3.69
1840.6001,4.464,4.622,3.9199998,3.7219996
1869.7,4.258,4.626,3.705,3.5599997
1869.7,4.258,4.626,3.705,3.5599997
1869.7,4.258,4.626,3.705,3.5599997
1877.7999,4.208,4.615,3.667,3.527
1876.5001,4.247,4.688,3.724,3.615
1878.9001,4.22,4.677,3.661,3.5430002
1898.8002,4.145,4.609,3.537,3.4440002
1921.7,4.224,4.62,3.597,3.498
1921.7,4.224,4.62,3.597,3.498
1921.7,4.224,4.62,3.597,3.498
1909.8999,4.241,4.661,3.619,3.5290003
1909.8999,4.205,4.617,3.619,3.549
1907.0001,4.085,4.651,3.438,3.3730001
1923.9,4.128,4.666,3.486,3.399
1928.2,4.177,4.662,3.565,3.482
1928.2,4.177,4.662,3.565,3.482
1928.2,4.177,4.662,3.565,3.482
1928.6001,4.232,4.669,3.622,3.5209997
1935.3999,4.21,4.695,3.575,3.455
1942.6,4.133,4.675,3.556,3.4510002
1929.9999,4.189,4.669,3.602,3.506
1929.4,4.201,4.677,3.612,3.5069997
1929.4,4.201,4.677,3.612,3.5069997
1929.4,4.201,4.677,3.612,3.5069997
1930.1998,4.24,4.661,3.665,3.542
1936.6001,4.205,4.693,3.619,3.51
1934.3,4.1,4.656,3.502,3.417
1922.1998,4.1,4.64,3.49,3.402
1868.3002,4.286,4.659,3.652,3.5190003
1868.3002,4.286,4.659,3.652,3.5190003
1868.3002,4.286,4.659,3.652,3.5190003
1871.2001,4.474,4.666,3.83,3.644
1876.5001,4.466,4.703,3.8389997,3.679
1882.1998,4.429,4.714,3.79,3.615
1869.9999,4.484,4.741,3.8600001,3.664
1865.8999,4.525,4.773,3.9300003,3.743
1865.8999,4.525,4.773,3.9300003,3.743
1865.8999,4.525,4.773,3.9300003,3.743
1855.1001,4.522,4.778,3.9119997,3.704
1857.0,4.622,4.786,4.004,3.753
1837.0,4.633,4.773,4.035,3.803
1843.4,4.644,4.801,4.075,3.8629997
1841.9999,4.617,4.814,4.027,3.8169997
1841.9999,4.617,4.814,4.027,3.8169997
1841.9999,4.617,4.814,4.027,3.8169997
1842.5,4.664,4.84,4.072,3.8510003
1834.1998,4.729,4.816,4.174,3.954
1833.3,4.697,4.828,4.164,3.927
1818.8002,4.704,4.832,4.117,3.8900003
1809.2,4.814,4.833,4.212,3.947
1809.2,4.814,4.833,4.212,3.947
1809.2,4.814,4.833,4.212,3.947
1824.9,4.782,4.804,4.171,3.922
1836.7001,4.818,4.857,4.185,3.9280002
1845.4,4.878,4.867,4.258,3.9939997
1840.5001,4.889,4.869,4.314,4.062
1854.6,4.861,4.875,4.249,3.958
1854.6,4.861,4.875,4.249,3.958
1854.6,4.861,4.875,4.249,3.958
1854.6,4.886,4.872,4.255,3.964
1820.0,5.015,5.013,4.315,3.9699998
1818.6,5.07,5.036,4.345,3.989
1834.6,4.87,5.01,4.189,3.9070003
1867.2001,4.593,4.955,3.9699998,3.704
1867.2001,4.593,4.955,3.9699998,3.704
1867.2001,4.593,4.955,3.9699998,3.704
1916.5001,4.016,4.83,3.682,3.545
1910.9001,4.246,4.836,3.848,3.685
1931.2999,3.8919997,4.755,3.563,3.462
1923.0,4.174,4.708,3.7329998,3.579
1973.5,3.846,4.459,3.507,3.438
1973.5,3.846,4.459,3.507,3.438
1973.5,3.846,4.459,3.507,3.438
1982.8,3.966,4.62,3.584,3.4829998
1941.1,4.179,4.753,3.7479997,3.608
1949.6,3.96,4.719,3.534,3.4510002
1995.9,3.825,4.671,3.431,3.414
1983.8,3.767,4.69,3.408,3.372
1983.8,3.767,4.69,3.408,3.372
1983.8,3.767,4.69,3.408,3.372
1953.7999,4.008,4.752,3.6,3.5389998
1973.5,4.08,4.771,3.674,3.572
1966.9,4.101,4.773,3.682,3.566
1988.5001,4.122,4.814,3.68,3.547
1977.0,4.038,4.802,3.584,3.4730003
1977.0,4.038,4.802,3.584,3.4730003
1977.0,4.038,4.802,3.584,3.4730003
1991.2999,3.9699998,4.739,3.508,3.4149997
2029.4,3.821,4.885,3.388,3.339
2026.8,3.792,4.851,3.371,3.309
2017.4,3.8289998,4.885,3.374,3.3030002
2017.4,3.993,4.947,3.516,3.4130003
2017.4,3.993,4.947,3.516,3.4130003
2017.4,3.993,4.947,3.516,3.4130003
1994.8,4.01,5.002,3.519,3.4149997
2009.9999,4.033,5.034,3.535,3.432
2015.6998,3.9679997,5.013,3.466,3.4
2045.7999,3.9679997,5.028,3.5,3.449
2006.5,4.099,5.096,3.604,3.5149999
2006.5,4.099,5.096,3.604,3.5149999
2006.5,4.099,5.096,3.604,3.5149999
1997.6,4.205,5.108,3.707,3.6059997
2010.3,4.203,5.19,3.68,3.5779998
1997.9999,4.248,5.154,3.7030003,3.591
2009.7999,4.151,5.101,3.63,3.5360003
1981.3,4.18,5.117,3.661,3.5680003
1981.3,4.18,5.117,3.661,3.5680003
1981.3,4.18,5.117,3.661,3.5680003
1990.6,4.105,5.061,3.576,3.496
1995.1,3.9479997,5.12,3.447,3.4
1986.9,3.949,5.143,3.494,3.445
1999.0,4.081,5.195,3.598,3.528
1999.1,4.021,5.104,3.498,3.433
1999.1,4.021,5.104,3.498,3.433
1999.1,4.021,5.104,3.498,3.433
1992.2,4.141,5.051,3.633,3.5699997
2023.2999,3.9919999,5.227,3.469,3.433
2037.0,3.8649998,5.258,3.346,3.364
2055.7,3.7880003,5.268,3.325,3.3769999
2024.8,3.9180002,5.265,3.41,3.435
2024.8,3.9180002,5.265,3.41,3.435
2024.8,3.9180002,5.265,3.41,3.435
2033.2,4.001,5.254,3.488,3.5069997
2042.9,4.026,5.281,3.498,3.5219998
2037.1,3.91,5.232,3.379,3.439
2020.5001,3.899,5.184,3.355,3.386
2019.8,3.991,5.216,3.446,3.463
2019.8,3.991,5.216,3.446,3.463
2019.8,3.991,5.216,3.446,3.463
2022.7,4.01,5.176,3.47,3.5069997
1993.0,4.084,5.219,3.529,3.541
1984.9,4.16,5.261,3.588,3.572
1959.8,4.26,5.294,3.688,3.651
1981.6,4.279,5.258,3.7389998,3.682
1981.6,4.279,5.258,3.7389998,3.682
1981.6,4.279,5.258,3.7389998,3.682
1977.2,4.32,5.278,3.765,3.719
1974.5,4.32,5.328,3.7430003,3.6980002
1964.6001,4.378,5.352,3.817,3.7440002
1943.6998,4.537,5.372,3.9179997,3.823
1944.3002,4.568,5.322,3.938,3.81
1944.3002,4.568,5.322,3.938,3.81
1944.3002,4.634,5.322,3.938,3.819
1977.1,4.601,5.357,3.917,3.764
1968.1,4.46,5.311,3.8140001,3.6939998
1973.1,4.409,5.417,3.7580001,3.646
1986.5,4.343,5.385,3.699,3.601
1960.6001,4.511,5.393,3.8510003,3.6980002
1960.6001,4.511,5.393,3.8510003,3.6980002
1960.6001,4.511,5.393,3.8510003,3.6980002
1965.7,4.47,5.322,3.825,3.689
1972.9,4.497,5.334,3.83,3.6769998
1949.8999,4.552,5.318,3.9349997,3.7929997
1969.8999,4.517,5.265,3.858,3.718
1968.4001,4.596,5.265,3.915,3.743
1968.4001,4.596,5.265,3.915,3.743
1968.4001,4.596,5.265,3.915,3.743
1960.9,4.585,5.259,3.902,3.743
1949.8999,4.677,5.263,4.001,3.827
1960.1,4.694,5.253,3.994,3.7900002
1961.7999,4.65,5.223,3.9130003,3.7200003
1962.1998,4.72,5.233,3.9860003,3.767
1962.1998,4.72,5.233,3.9860003,3.767
1962.1998,4.695,5.233,3.9860003,3.767
1947.6998,4.757,5.278,4.031,3.8220003
1938.9,4.685,5.233,3.944,3.719
1936.1,4.72,5.3,3.9619997,3.7270002
1915.0001,4.791,5.304,4.044,3.7970002
1921.0,4.75,5.304,3.994,3.7370002
1921.0,4.75,5.304,3.994,3.7370002
1921.0,4.75,5.304,3.994,3.7370002
1925.1,4.744,5.319,3.9699998,3.7229998
1915.1001,4.764,5.341,4.038,3.772
1913.4,4.712,5.331,3.9699998,3.714
1917.8999,4.863,5.348,4.131,3.842
1929.4,4.904,5.323,4.157,3.841
1929.4,4.904,5.323,4.157,3.841
1929.4,4.904,5.323,4.157,3.841
1929.5,4.94,5.313,4.191,3.858
1927.1,4.9,5.385,4.161,3.8389997
1927.1,4.947,5.36,4.249,3.934
1915.4,4.989,5.38,4.35,4.031
1932.5001,4.95,5.388,4.358,4.066
1932.5001,4.95,5.388,4.358,4.066
1932.5001,4.95,5.388,4.358,4.066
1931.0,4.864,5.39,4.239,4.0
1937.1,4.887,5.412,4.239,3.978
1961.7,4.748,5.399,4.075,3.8610003
1963.8,4.632,5.395,3.9469998,3.767
1964.4001,4.768,5.411,4.045,3.83
1964.4001,4.768,5.411,4.045,3.83
1964.4001,4.768,5.411,4.045,3.83
1956.4001,4.742,5.403,4.017,3.809
1980.8,4.764,5.412,4.005,3.789
1980.8,4.768,5.412,3.9819999,3.748
1970.9,4.845,5.416,4.105,3.856
1966.6,4.846,5.424,4.095,3.837
1966.6,4.846,5.424,4.095,3.837
1966.6,4.846,5.424,4.095,3.837
1962.1998,4.925,5.418,4.157,3.8779998
1963.6998,4.879,5.435,4.168,3.8900003
1970.0999,4.85,5.438,4.116,3.873
1945.7,4.926,5.437,4.235,4.002
1970.0999,4.885,5.432,4.183,3.957
1970.0999,4.885,5.432,4.183,3.957
1970.0999,4.885,5.432,4.183,3.957
1979.5999,4.885,5.424,4.184,3.9670002
1949.7,4.906,5.43,4.227,4.037
1945.9999,4.885,5.425,4.244,4.09
1939.9,4.883,5.437,4.292,4.179
1946.9,4.768,5.43,4.139,4.042
1946.9,4.768,5.43,4.139,4.042
1946.9,4.768,5.43,4.139,4.042
1940.7001,4.777,5.434,4.17,4.097
1930.8,4.76,5.462,4.114,4.028
1921.8999,4.81,5.446,4.139,4.016
1920.1,4.85,5.437,4.234,4.107
1917.9999,4.892,5.432,4.303,4.158
1917.9999,4.892,5.432,4.303,4.158
1917.9999,4.892,5.432,4.303,4.158
1915.6,4.973,5.442,4.372,4.201
1906.9001,4.959,5.451,4.378,4.219
1900.2,4.967,5.451,4.406,4.258
1887.2001,4.936,5.448,4.414,4.284
1888.7001,4.943,5.445,4.384,4.251
1888.7001,4.943,5.445,4.384,4.251
1888.7001,4.943,5.445,4.384,4.251
1895.7,5.007,5.444,4.468,4.342
1898.6,5.048,5.462,4.493,4.332
1920.5001,4.971,5.468,4.372,4.196
1919.1001,5.023,5.475,4.415,4.241
1911.9,5.078,5.485,4.437,4.231
1911.9,5.078,5.485,4.437,4.231
1911.9,5.078,5.485,4.437,4.231
1918.5,5.052,5.503,4.406,4.206
1936.4001,4.894,5.488,4.275,4.12
1953.9999,4.882,5.482,4.266,4.112
1947.0,4.863,5.479,4.249,4.106
1948.4001,4.876,5.444,4.296,4.181
1948.4001,4.876,5.444,4.296,4.181
1948.4001,4.876,5.444,4.296,4.187
1952.6001,4.906,5.492,4.326,4.206
1934.3,4.96,5.449,4.377,4.266
1925.7999,5.029,5.472,4.44,4.296
1924.1,4.953,5.458,4.375,4.25
1924.6001,4.989,5.471,4.399,4.26
1924.6001,4.989,5.471,4.399,4.26
1924.6001,4.989,5.471,4.399,4.26
1929.2,4.995,5.46,4.415,4.294
1917.2,5.02,5.477,4.426,4.28
1914.4,4.971,5.472,4.385,4.254
1914.4,5.014,5.471,4.419,4.286
1927.9,5.037,5.466,4.465,4.336
1927.9,5.037,5.466,4.465,4.336
1927.9,5.037,5.466,4.465,4.336
1935.2,5.056,5.465,4.449,4.303
1935.2999,5.092,5.477,4.513,4.365
1948.6001,5.172,5.482,4.573,4.399
1921.2,5.144,5.484,4.619,4.494
1927.2,5.112,5.482,4.566,4.438
1927.2,5.112,5.482,4.566,4.438
1927.2,5.112,5.482,4.566,4.438
1918.1998,5.127,5.481,4.612,4.531
1901.6,5.134,5.498,4.62,4.55
1872.3002,5.137,5.503,4.685,4.608
1869.5,5.064,5.479,4.628,4.579
1856.9,5.052,5.477,4.616,4.579
1856.9,5.052,5.477,4.616,4.579
1856.9,5.052,5.477,4.616,4.579
1838.1998,5.108,5.486,4.714,4.685
1832.6001,5.154,5.509,4.799,4.795
1826.0999,5.054,5.503,4.726,4.735
1823.2001,5.025,5.502,4.689,4.721
1836.7001,5.081,5.517,4.751,4.795
1836.7001,5.081,5.517,4.751,4.795
1836.7001,5.081,5.517,4.751,4.725
1855.7,4.93,5.53,4.573,4.628
1866.7,4.968,5.496,4.614,4.657
1878.4,4.986,5.503,4.575,4.558
1874.1998,5.071,5.51,4.694,4.697
1932.1,5.058,5.497,4.644,4.616
1932.1,5.058,5.497,4.644,4.616
1932.1,5.058,5.497,4.644,4.616
1925.1,5.101,5.497,4.712,4.7
1926.4,5.214,5.511,4.87,4.836
1958.8,5.22,5.498,4.932,4.911
1971.2,5.161,5.487,4.954,4.99
1985.0,5.071,5.471,4.854,4.914
1985.0,5.071,5.471,4.854,4.914
1985.0,5.071,5.471,4.854,4.914
1978.1998,5.047,5.465,4.795,4.848
1976.8,5.108,5.48,4.815,4.819
1985.5,5.125,5.482,4.924,4.961
1987.9,5.046,5.479,4.8,4.849
1989.0,5.015,5.477,4.774,4.845
1989.0,5.015,5.477,4.774,4.845
1989.0,5.015,5.477,4.774,4.845
2005.6,5.05,5.481,4.818,4.888
1994.3,5.083,5.488,4.846,4.926
1987.4999,4.948,5.467,4.654,4.734
1993.5,4.996,5.44,4.641,4.661
1999.2,4.845,5.43,4.507,4.576
1999.2,4.845,5.43,4.507,4.576
1999.2,4.845,5.43,4.507,4.576
1988.6001,4.941,5.426,4.593,4.647
1973.5,4.915,5.443,4.535,4.569
1957.7999,4.936,5.433,4.51,4.492
1969.7999,5.029,5.429,4.647,4.632
1937.7,5.069,5.411,4.68,4.646
1937.7,5.069,5.411,4.68,4.646
1937.7,5.069,5.411,4.68,4.646
1950.1998,5.033,5.426,4.661,4.638
1966.5,4.836,5.417,4.44,4.453
1964.3002,4.916,5.42,4.524,4.537
1987.2999,4.85,5.408,4.426,4.441
1984.7001,4.894,5.401,4.446,4.439
1984.7001,4.894,5.401,4.446,4.439
1984.7001,4.894,5.401,4.446,4.439
1980.3002,4.919,5.405,4.446,4.426
2001.6,4.883,5.419,4.409,4.398
1992.8,4.898,5.429,4.433,4.408
2003.0,4.932,5.441,4.477,4.453
2003.0,4.955,5.424,4.492,4.472
2003.0,4.955,5.424,4.492,4.472
2003.0,4.955,5.424,4.492,4.472
2012.4001,4.89,5.424,4.412,4.39
2040.0,4.742,5.425,4.282,4.325
2057.5,4.646,5.404,4.214,4.259
2047.5999,4.695,5.403,4.273,4.33
2080.4,4.551,5.388,4.141,4.209
2080.4,4.551,5.388,4.141,4.209
2080.4,4.551,5.388,4.141,4.209
2032.9,4.637,5.392,4.212,4.259
2026.9,4.577,5.407,4.137,4.167
2038.4,4.597,5.407,4.11,4.114
2036.9,4.593,5.401,4.131,4.148
2004.9,4.723,5.398,4.243,4.229
2004.9,4.723,5.398,4.243,4.229
2004.9,4.723,5.398,4.243,4.229
1984.3002,4.71,5.397,4.246,4.237
1983.9,4.735,5.415,4.227,4.21
1988.1,4.433,5.391,3.9759998,4.024
2035.2,4.386,5.382,3.9010003,3.9210002
2025.9999,4.449,5.39,3.9139998,3.915
2025.9999,4.449,5.39,3.9139998,3.915
2025.9999,4.449,5.39,3.9139998,3.915
2030.9,4.451,5.395,3.933,3.9350002
2042.6,4.442,5.404,3.938,3.9309998
2038.0999,4.34,5.394,3.8510003,3.8529997
2041.7999,4.352,5.38,3.8800004,3.8919997
2059.6,4.329,5.379,3.8789997,3.901
2059.6,4.329,5.379,3.8789997,3.901
2059.6,4.329,5.379,3.8789997,3.901
2059.6,4.336,5.392,3.881,3.9019997
2060.4,4.356,5.373,3.8909998,3.897
2083.4,4.24,5.399,3.7889998,3.789
2083.5,4.279,5.395,3.84,3.8459997
2071.8,4.25,5.351,3.84,3.866
2071.8,4.25,5.351,3.84,3.866
2071.8,4.25,5.351,3.84,3.866
2071.8,4.25,5.364,3.84,3.898
2073.4,4.324,5.378,3.9220002,3.9409997
2042.8,4.333,5.399,3.905,3.92
2050.0,4.387,5.395,3.9800003,4.003
2049.8,4.393,5.388,4.015,4.051
2049.8,4.393,5.388,4.015,4.051
2049.8,4.393,5.388,4.015,4.051
2033.5,4.375,5.387,3.9860003,4.027
2033.0,4.366,5.394,3.9720001,4.015
2027.8,4.36,5.388,3.9740002,4.03
2019.2,4.249,5.382,3.888,3.975
2051.6,4.146,5.361,3.832,3.939
2051.6,4.146,5.361,3.832,3.939
2051.6,4.146,5.361,3.832,3.968
2030.1998,4.188,5.395,3.875,3.986
2030.1998,4.222,5.371,3.9340003,4.054
2006.5,4.361,5.378,4.031,4.106
2021.6,4.354,5.372,4.045,4.142
2029.3,4.389,5.367,4.054,4.13
2029.3,4.389,5.367,4.054,4.13
2029.3,4.389,5.367,4.054,4.13
2022.1998,4.393,5.369,4.03,4.107
2025.7999,4.372,5.373,4.042,4.132
2016.0,4.384,5.373,4.092,4.18
2017.7999,4.299,5.362,4.002,4.12
2017.3,4.357,5.367,4.038,4.139
2017.3,4.357,5.367,4.038,4.139
2017.3,4.357,5.367,4.038,4.139
2025.4,4.322,5.366,3.9860003,4.076
2041.1,4.339,5.37,3.9740002,4.036
2057.4,4.209,5.365,3.8389997,3.918
2061.2,4.211,5.372,3.8179998,3.8820002
2043.9,4.372,5.375,3.9860003,4.024
2043.9,4.372,5.375,3.9860003,4.024
2043.9,4.372,5.375,3.9860003,4.024
2032.9,4.474,5.392,4.122,4.162
2041.5,4.399,5.386,4.036,4.09
2041.7999,4.427,5.386,4.064,4.115
2038.0999,4.46,5.39,4.119,4.158
2028.8,4.486,5.388,4.142,4.177
2028.8,4.486,5.388,4.142,4.177
2028.8,4.486,5.388,4.142,4.177
2023.3999,4.48,5.392,4.139,4.179
1997.7,4.67,5.404,4.33,4.326
1994.7,4.582,5.386,4.245,4.261
2005.3,4.578,5.385,4.218,4.234
2014.4,4.644,5.392,4.276,4.281
2014.4,4.644,5.392,4.276,4.281
2014.4,4.644,5.392,4.276,4.296
2039.8,4.654,5.424,4.299,4.317
2029.9999,4.614,5.378,4.254,4.275
2024.5001,4.668,5.399,4.304,4.319
2020.8,4.714,5.406,4.333,4.331
2039.3999,4.688,5.411,4.278,4.248
2039.3999,4.688,5.411,4.278,4.248
2039.3999,4.688,5.411,4.278,4.248
2029.1,4.731,5.416,4.296,4.281
2034.4,4.693,5.395,4.311,4.303
2042.7,4.644,5.389,4.264,4.266
2054.7,4.623,5.373,4.252,4.254
2095.7,4.533,5.365,4.162,4.186
2095.7,4.533,5.365,4.162,4.186
2095.7,4.533,5.365,4.162,4.186
2126.3,4.612,5.37,4.209,4.217
2141.9,4.562,5.379,4.148,4.151
2158.2,4.562,5.379,4.12,4.108
2165.2,4.503,5.383,4.075,4.089
2185.5,4.478,5.378,4.05,4.077
2185.5,4.478,5.378,4.05,4.077
2185.5,4.478,5.378,4.05,4.077
2188.6,4.538,5.393,4.088,4.098
2166.1,4.584,5.389,4.148,4.151
2180.8,4.632,5.392,4.193,4.188
2167.5,4.694,5.396,4.292,4.292
2161.5,4.732,5.389,4.329,4.308
2161.5,4.732,5.389,4.329,4.308
2161.5,4.732,5.389,4.329,4.308
2164.3,4.736,5.385,4.349,4.328
2159.7,4.687,5.387,4.299,4.293
2161.0,4.604,5.381,4.248,4.277
2184.7,4.643,5.381,4.256,4.269
2160.0,4.595,5.368,4.189,4.202
2160.0,4.595,5.368,4.189,4.202
2160.0,4.595,5.368,4.189,4.202
2176.4,4.63,5.372,4.233,4.249
2177.2,4.593,5.366,4.223,4.238
2201.4,4.568,5.363,4.183,4.188
2227.1,4.628,5.36,4.22,4.206
2227.1,4.628,5.36,4.22,4.21
2227.1,4.628,5.36,4.22,4.21
2227.1,4.628,5.36,4.22,4.21
2245.9,4.712,5.367,4.327,4.317
2270.3,4.693,5.361,4.343,4.353
2303.3,4.672,5.359,4.331,4.351
2296.9,4.645,5.355,4.294,4.307
2333.7,4.751,5.366,4.391,4.4
2333.7,4.751,5.366,4.391,4.4
2333.7,4.751,5.366,4.391,4.4
2339.0,4.793,5.371,4.43,4.422
2350.6,4.743,5.371,4.375,4.362
2336.6,4.973,5.392,4.608,4.546
2360.8,4.952,5.389,4.626,4.584
2362.0,4.894,5.378,4.553,4.517
2362.0,4.894,5.378,4.553,4.517
2362.0,4.894,5.378,4.553,4.517
2370.9,4.925,5.388,4.627,4.61
2395.5,4.985,5.387,4.698,4.669
2376.2,4.934,5.389,4.619,4.589
2385.8,4.99,5.396,4.68,4.637
2401.4,4.988,5.397,4.672,4.623
2401.4,4.988,5.397,4.672,4.623
2401.4,4.988,5.397,4.672,4.623
2334.6,4.973,5.396,4.652,4.61
2329.9,4.937,5.395,4.633,4.607
2326.0,4.931,5.405,4.662,4.648
2330.3,5.0,5.404,4.719,4.704
2335.0,4.993,5.394,4.687,4.663
2335.0,4.993,5.394,4.687,4.663
2335.0,4.993,5.394,4.687,4.663
2357.7,4.979,5.391,4.643,4.611
2302.9,5.037,5.397,4.715,4.682
2311.0,4.969,5.4,4.66,4.641
2309.6,4.881,5.389,4.577,4.589
2308.6,4.806,5.381,4.482,4.497
2308.6,4.806,5.381,4.482,4.497
2308.6,4.806,5.381,4.482,4.497
2331.2,4.833,5.388,4.487,4.487
2324.2,4.83,5.395,4.473,4.461
2322.3,4.841,5.395,4.503,4.5
2340.3,4.818,5.394,4.472,4.459
2375.0,4.872,5.391,4.516,4.5
2375.0,4.872,5.391,4.516,4.5
2375.0,4.872,5.391,4.516,4.5
2343.0,4.868,5.388,4.509,4.49
2359.9,4.821,5.389,4.46,4.445
2394.9,4.726,5.389,4.345,4.344
2385.5,4.795,5.391,4.401,4.377
2417.4,4.827,5.389,4.447,4.422
2417.4,4.827,5.389,4.447,4.422
2417.4,4.827,5.389,4.447,4.422
2438.5,4.852,5.385,4.47,4.447
2425.9,4.831,5.389,4.432,4.412
2392.9,4.875,5.395,4.468,4.426
2337.2,4.94,5.396,4.531,4.479
2334.5,4.948,5.396,4.528,4.467
2334.5,4.948,5.396,4.528,4.467
2334.5,4.948,5.396,4.528,4.467
2356.5,4.935,5.444,4.521,4.461
2356.5,4.978,5.395,4.592,4.548
2341.2,4.975,5.4,4.634,4.616
2354.7,4.927,5.399,4.569,4.55
2333.9,4.877,5.391,4.509,4.503
2333.9,4.877,5.391,4.509,4.503
2333.9,4.877,5.391,4.509,4.503
2357.5,4.812,5.391,4.41,4.392
2335.7,4.773,5.395,4.347,4.33
2363.6,4.724,5.389,4.294,4.277
2378.9,4.726,5.383,4.298,4.287
2313.2,4.889,5.389,4.461,4.433
2313.2,4.889,5.389,4.461,4.433
2313.2,4.889,5.389,4.461,4.433
2315.1,4.885,5.38,4.485,4.471
2314.6,4.834,5.395,4.417,4.402
2342.7,4.756,5.392,4.32,4.318
2305.9,4.703,5.389,4.246,4.248
2337.0,4.707,5.386,4.24,4.221
2337.0,4.707,5.386,4.24,4.221
2337.0,4.707,5.386,4.24,4.221
2316.9,4.768,5.393,4.307,4.285
2334.8,4.718,5.384,4.243,4.219
2343.0,4.729,5.431,4.262,4.236
2357.0,4.739,5.381,4.275,4.261
2319.1,4.734,5.365,4.273,4.257
2319.1,4.734,5.365,4.273,4.257
2319.1,4.734,5.365,4.273,4.257
2332.4,4.723,5.354,4.255,4.234
2318.4,4.745,5.374,4.276,4.248
2301.0,4.753,5.379,4.346,4.329
2336.6,4.712,5.373,4.299,4.286
2339.6,4.749,5.363,4.369,4.392
2339.6,4.749,5.363,4.369,4.392
2339.6,4.749,5.363,4.369,4.392
2338.9,4.76,5.365,4.431,4.471
2333.4,4.752,5.383,4.398,4.438
2369.4,4.708,5.378,4.322,4.355
2364.6,4.716,5.406,4.336,4.372
2397.7,4.606,5.373,4.227,4.278
2397.7,4.606,5.373,4.227,4.278
2397.7,4.606,5.373,4.227,4.278
2363.5,4.635,5.365,4.241,4.28
2367.9,4.626,5.374,4.245,4.298
2379.7,4.624,5.374,4.237,4.282
2421.9,4.515,5.347,4.144,4.212
2420.7,4.458,5.345,4.107,4.187
2420.7,4.458,5.345,4.107,4.187
2420.7,4.458,5.345,4.107,4.187
2428.9,4.46,5.339,4.135,4.231
2467.8,4.421,5.342,4.076,4.16
2459.9,4.438,5.342,4.081,4.16
2456.4,4.471,5.344,4.117,4.202
2399.1,4.517,5.339,4.17,4.243
2399.1,4.517,5.339,4.17,4.243
2399.1,4.517,5.339,4.17,4.243
2394.7,4.521,5.333,4.175,4.254
2407.3,4.496,5.324,4.166,4.254
2415.7,4.433,5.316,4.175,4.286
2353.5,4.435,5.308,4.134,4.245
2381.0,4.387,5.298,4.077,4.194
2381.0,4.387,5.298,4.077,4.194
2381.0,4.387,5.298,4.077,4.194
2377.8,4.402,5.292,4.073,4.172
2417.6,4.361,5.28,4.035,4.141
2438.5,4.26,5.28,3.917,4.033
2445.9,4.156,5.264,3.844,3.982
2436.2,3.874,5.183,3.615,3.792
2436.2,3.874,5.183,3.615,3.792
2436.2,3.874,5.183,3.615,3.792
2411.8,3.902,5.214,3.625,3.7789998
2398.9,3.991,5.223,3.7430003,3.901
2400.0,3.9830003,5.223,3.7760003,3.9530003
2430.3,4.036,5.227,3.826,3.99
2439.8,4.057,5.22,3.796,3.94
2439.8,4.057,5.22,3.796,3.94
2439.8,4.057,5.22,3.796,3.94
2469.9,4.021,5.214,3.7490003,3.9070003
2473.9,3.9359999,5.199,3.677,3.8459997
2446.2,3.96,5.21,3.682,3.8389997
2458.6,4.103,5.227,3.797,3.919
2503.6,4.054,5.22,3.757,3.883
2503.6,4.054,5.22,3.757,3.883
2503.6,4.054,5.22,3.757,3.883
2506.8,4.072,5.206,3.7619998,3.8750002
2516.1,3.994,5.179,3.6930003,3.81
2512.8,3.933,5.15,3.655,3.799
2482.1,4.014,5.17,3.7249997,3.858
2511.2,3.909,5.142,3.642,3.795
2511.2,3.909,5.142,3.642,3.795
2511.2,3.909,5.142,3.642,3.795
2520.2,3.938,5.139,3.669,3.82
2517.7,3.899,5.112,3.655,3.8290002
2502.6,3.867,5.093,3.664,3.8389997
2536.7,3.8980002,5.108,3.668,3.8629997
2504.5,3.9189997,5.103,3.7080002,3.9089997
2504.5,3.9189997,5.103,3.7080002,3.9089997
2504.5,3.9189997,5.103,3.7080002,3.9070003
2504.5,3.933,5.156,3.724,3.926
2499.7,3.8629997,5.11,3.639,3.831
2502.7,3.7659998,5.085,3.556,3.757
2519.7,3.739,5.074,3.535,3.725
2501.5,3.654,5.056,3.496,3.7159998
2501.5,3.654,5.056,3.496,3.7159998
2501.5,3.659,5.074,3.509,3.7159998
2509.3,3.671,5.035,3.489,3.702
2519.5,3.596,4.971,3.423,3.64
2519.0,3.65,5.01,3.452,3.661
2557.1,3.648,4.983,3.471,3.68
2586.8,3.587,4.903,3.435,3.657
2586.8,3.587,4.903,3.435,3.657
2586.8,3.587,4.903,3.435,3.657
2585.2,3.555,4.879,3.404,3.618
2568.9,3.607,4.869,3.443,3.648
2574.9,3.628,4.781,3.493,3.7130003
2590.9,3.588,4.734,3.486,3.719
2622.4,3.597,4.672,3.5,3.741
2622.4,3.597,4.672,3.5,3.741
2622.4,3.597,4.672,3.5,3.741
2628.6,3.587,4.638,3.506,3.7510002
2653.0,3.54,4.62,3.472,3.732
2660.7,3.561,4.62,3.529,3.791
2670.4,3.627,4.62,3.565,3.796
2656.5,3.557,4.628,3.503,3.7510002
2656.5,3.557,4.628,3.503,3.7510002
2656.5,3.569,4.656,3.51,3.7510002
2647.9,3.645,4.63,3.564,3.787
2678.5,3.606,4.618,3.509,3.731
2658.1,3.637,4.597,3.552,3.7830002
2667.4,3.705,4.599,3.628,3.8459997
2656.0,3.924,4.641,3.8039997,3.981
2656.0,3.924,4.641,3.8039997,3.981
2656.0,3.953,4.646,3.825,3.981
2654.0,3.9949996,4.659,3.867,4.026
2623.5,3.962,4.649,3.848,4.035
2614.1,4.022,4.656,3.917,4.067
2627.4,3.964,4.661,3.8890002,4.094
2664.4,3.953,4.641,3.898,4.073
2664.4,3.953,4.641,3.898,4.073
2664.4,3.953,4.641,3.898,4.073
2653.7,3.9699998,4.656,3.9119997,4.073
2667.0,3.95,4.64,3.854,4.038
2679.3,3.942,4.628,3.846,4.016
2695.5,3.9760003,4.651,3.904,4.096
2718.0002,3.95,4.641,3.8800004,4.075
2718.0002,3.95,4.641,3.8800004,4.075
2718.0002,3.9609997,4.657,3.894,4.075
2726.8,4.032,4.641,3.9849997,4.182
2747.4001,4.032,4.625,4.006,4.206
2717.1,4.086,4.638,4.057,4.242
2736.5,4.066,4.612,4.021,4.202
2742.2002,4.098,4.633,4.052,4.232
2742.2002,4.098,4.633,4.052,4.232
2742.2002,4.098,4.633,4.052,4.232
2743.6003,4.142,4.602,4.108,4.278
2768.8003,4.119,4.599,4.104,4.274
2800.8003,4.172,4.579,4.156,4.299
2749.3,4.168,4.547,4.154,4.281
2749.2,4.209,4.514,4.226,4.385
2749.2,4.209,4.514,4.226,4.385
2749.2,4.209,4.514,4.226,4.385
2746.2,4.166,4.527,4.148,4.286
2749.7,4.187,4.538,4.156,4.28
2676.3,4.264,4.54,4.269,4.431
2705.8,4.194,4.534,4.169,4.325
2694.8,4.25,4.537,4.192,4.305
2694.8,4.25,4.537,4.192,4.305
2694.8,4.25,4.537,4.192,4.305
2617.7,4.25,4.537,4.192,4.305
2606.3,4.342,4.534,4.314,4.429
2586.5,4.281,4.503,4.302,4.45
2572.9,4.356,4.524,4.334,4.445
2570.1,4.306,4.506,4.311,4.444
2570.1,4.306,4.506,4.311,4.444
2570.1,4.306,4.506,4.311,4.444
2614.6,4.279,4.516,4.276,4.413
2631.0,4.281,4.533,4.26,4.395
2651.7,4.32,4.539,4.283,4.413
2674.9,4.347,4.544,4.299,4.419
2712.2002,4.38,4.545,4.305,4.411
2712.2002,4.38,4.545,4.305,4.411
2712.2002,4.38,4.545,4.305,4.411
2618.5,4.271,4.527,4.175,4.274
2621.3,4.247,4.507,4.182,4.294
2652.3,4.229,4.5,4.133,4.26
2652.3,4.229,4.5,4.133,4.26
2669.0,4.16,4.488,4.053,4.177
2669.0,4.16,4.488,4.053,4.177
2669.0,4.16,4.488,4.053,4.177
2646.5,4.185,4.466,4.091,4.195
2655.9,4.181,4.465,4.112,4.226
2664.3,4.129,4.457,4.07,4.183
2636.1,4.143,4.446,4.074,4.177
2647.1,4.096,4.398,4.031,4.148
2647.1,4.096,4.398,4.031,4.148
2647.1,4.096,4.398,4.031,4.148
2673.3,4.127,4.397,4.075,4.2
2705.6,4.145,4.395,4.098,4.227
2741.5,4.155,4.364,4.138,4.274
2695.1,4.197,4.332,4.192,4.335
2662.4,4.243,4.325,4.247,4.394
2662.4,4.243,4.325,4.247,4.394
2662.4,4.243,4.325,4.247,4.394
2657.0,4.251,4.314,4.258,4.402
2649.6,4.245,4.354,4.258,4.394
2640.8,4.357,4.34,4.405,4.518
2596.0,4.318,4.332,4.422,4.565
2632.5,4.318,4.324,4.384,4.529
2632.5,4.318,4.324,4.384,4.529
2632.5,4.318,4.324,4.384,4.529
2615.5,4.338,4.325,4.435,4.588
2622.8,4.337,4.326,4.437,4.59
2622.8,4.337,4.326,4.437,4.59
2640.3,4.331,4.329,4.435,4.584
2618.4,4.328,4.284,4.463,4.629
2618.4,4.328,4.284,4.463,4.629
2618.4,4.328,4.284,4.463,4.629
2618.1,4.243,4.283,4.36,4.532
2641.0,4.236,4.322,4.378,4.572
2641.0,4.236,4.322,4.378,4.572
2669.0,4.244,4.313,4.371,4.561
2654.7,4.281,4.299,4.415,4.601
2654.7,4.281,4.299,4.415,4.601
2654.7,4.281,4.299,4.415,4.601
2647.4,4.268,4.299,4.421,4.623
2665.4,4.287,4.311,4.463,4.684
2672.4,4.285,4.312,4.461,4.692
2690.8,4.264,4.307,4.454,4.688
2715.0002,4.381,4.325,4.578,4.762
2715.0002,4.381,4.325,4.578,4.762
2715.0002,4.381,4.325,4.578,4.762
2678.6,4.39,4.325,4.609,4.789
2682.3,4.368,4.321,4.598,4.792
2717.8003,4.266,4.307,4.45,4.654
2750.9,4.233,4.301,4.395,4.611
2748.7002,4.282,4.298,4.429,4.622
2748.7002,4.282,4.298,4.429,4.622
2748.7002,4.282,4.298,4.429,4.622
2748.7002,4.282,4.298,4.429,4.622
2785.6,4.273,4.304,4.391,4.572
2797.4,4.3,4.322,4.438,4.612
2778.3,4.288,4.316,4.451,4.645
2792.7,4.261,4.31,4.42,4.616
2792.7,4.261,4.31,4.42,4.616
2792.7,4.261,4.31,4.42,4.616
2752.4001,4.197,4.294,4.333,4.533
2781.0,4.195,4.294,4.33,4.533
2781.5,4.219,4.294,4.337,4.533
2845.2,4.212,4.291,4.323,4.519
2835.0002,4.205,4.289,4.332,4.542
2835.0002,4.205,4.289,4.332,4.542
2835.0002,4.205,4.289,4.332,4.542
2857.1003,4.249,4.296,4.36,4.551
2875.8,4.214,4.32,4.318,4.512
2893.0,4.187,4.317,4.249,4.423
2876.7002,4.212,4.322,4.274,4.435
2887.6,4.289,4.336,4.346,4.494
2887.6,4.289,4.336,4.346,4.494
2887.6,4.289,4.336,4.346,4.494
2934.4001,4.277,4.335,4.341,4.5
2932.6,4.289,4.33,4.371,4.536
2928.7,4.356,4.332,4.469,4.625
2945.4001,4.308,4.324,4.39,4.532
2900.7002,4.26,4.32,4.328,4.477
2900.7002,4.26,4.32,4.328,4.477
2900.7002,4.26,4.32,4.328,4.477
2900.7002,4.26,4.32,4.328,4.477
2949.0,4.304,4.319,4.401,4.551
2936.1,4.271,4.322,4.364,4.534
2956.1003,4.269,4.314,4.346,4.506
2953.2002,4.199,4.305,4.27,4.43
2953.2002,4.199,4.305,4.27,4.43
2953.2002,4.199,4.305,4.27,4.43
2949.7,4.17,4.291,4.234,4.399
2906.0,4.098,4.292,4.13,4.297
2917.8003,4.073,4.3,4.083,4.254
2895.9001,4.051,4.301,4.078,4.265
2848.5,3.985,4.299,4.01,4.202
2848.5,3.985,4.299,4.01,4.202
2848.5,3.985,4.299,4.01,4.202
2901.1,3.957,4.299,3.966,4.158
2920.6003,3.982,4.316,4.041,4.241
2926.0002,4.006,4.312,4.075,4.279
2926.6,3.964,4.301,4.058,4.279
2926.1104,3.9400003,4.305,4.03,4.249
